LineId,Device,Month,Date,Time,Type,Component,Content,EventId,EventTemplate,ParameterList
1,mail.insect.com,Mar,4,14:14:54,mail,auth,pam_unix(dovecot:auth): authentication failure; logname= uid=0 euid=0 tty=dovecot ruser=violet rhost=127.0.0.1  user=violet,e4c34c7d,pam_unix(dovecot:<*>): authentication failure; logname= uid=<*> euid=<*> tty=<*> ruser=<*> rhost=<*>.<*>.<*>.<*> user=<*>,"['auth', '0', '0', 'dovecot', 'violet', '127', '0.0.1', 'violet']"
2,mail.insect.com,Mar,4,14:14:58,mail,auth,pam_unix(dovecot:auth): authentication failure; logname= uid=0 euid=0 tty=dovecot ruser=violet rhost=127.0.0.1  user=violet,e4c34c7d,pam_unix(dovecot:<*>): authentication failure; logname= uid=<*> euid=<*> tty=<*> ruser=<*> rhost=<*>.<*>.<*>.<*> user=<*>,"['auth', '0', '0', 'dovecot', 'violet', '127', '0.0.1', 'violet']"
3,mail.insect.com,Mar,4,14:14:58,mail,auth,pam_unix(dovecot:auth): authentication failure; logname= uid=0 euid=0 tty=dovecot ruser=violet rhost=127.0.0.1  user=violet,e4c34c7d,pam_unix(dovecot:<*>): authentication failure; logname= uid=<*> euid=<*> tty=<*> ruser=<*> rhost=<*>.<*>.<*>.<*> user=<*>,"['auth', '0', '0', 'dovecot', 'violet', '127', '0.0.1', 'violet']"
4,mail.insect.com,Mar,4,14:14:58,mail,auth,pam_unix(dovecot:auth): authentication failure; logname= uid=0 euid=0 tty=dovecot ruser=violet rhost=127.0.0.1  user=violet,e4c34c7d,pam_unix(dovecot:<*>): authentication failure; logname= uid=<*> euid=<*> tty=<*> ruser=<*> rhost=<*>.<*>.<*>.<*> user=<*>,"['auth', '0', '0', 'dovecot', 'violet', '127', '0.0.1', 'violet']"
5,mail.insect.com,Mar,4,14:14:59,mail,auth,pam_unix(dovecot:auth): authentication failure; logname= uid=0 euid=0 tty=dovecot ruser=violet rhost=127.0.0.1  user=violet,e4c34c7d,pam_unix(dovecot:<*>): authentication failure; logname= uid=<*> euid=<*> tty=<*> ruser=<*> rhost=<*>.<*>.<*>.<*> user=<*>,"['auth', '0', '0', 'dovecot', 'violet', '127', '0.0.1', 'violet']"
6,mail.insect.com,Mar,4,14:14:59,mail,auth,pam_unix(dovecot:auth): authentication failure; logname= uid=0 euid=0 tty=dovecot ruser=violet rhost=127.0.0.1  user=violet,e4c34c7d,pam_unix(dovecot:<*>): authentication failure; logname= uid=<*> euid=<*> tty=<*> ruser=<*> rhost=<*>.<*>.<*>.<*> user=<*>,"['auth', '0', '0', 'dovecot', 'violet', '127', '0.0.1', 'violet']"
7,mail.insect.com,Mar,4,14:14:59,mail,auth,pam_unix(dovecot:auth): authentication failure; logname= uid=0 euid=0 tty=dovecot ruser=violet rhost=127.0.0.1  user=violet,e4c34c7d,pam_unix(dovecot:<*>): authentication failure; logname= uid=<*> euid=<*> tty=<*> ruser=<*> rhost=<*>.<*>.<*>.<*> user=<*>,"['auth', '0', '0', 'dovecot', 'violet', '127', '0.0.1', 'violet']"
8,mail.insect.com,Mar,4,14:14:59,mail,auth,pam_unix(dovecot:auth): authentication failure; logname= uid=0 euid=0 tty=dovecot ruser=violet rhost=127.0.0.1  user=violet,e4c34c7d,pam_unix(dovecot:<*>): authentication failure; logname= uid=<*> euid=<*> tty=<*> ruser=<*> rhost=<*>.<*>.<*>.<*> user=<*>,"['auth', '0', '0', 'dovecot', 'violet', '127', '0.0.1', 'violet']"
9,mail.insect.com,Mar,4,14:14:59,mail,auth,pam_unix(dovecot:auth): authentication failure; logname= uid=0 euid=0 tty=dovecot ruser=violet rhost=127.0.0.1  user=violet,e4c34c7d,pam_unix(dovecot:<*>): authentication failure; logname= uid=<*> euid=<*> tty=<*> ruser=<*> rhost=<*>.<*>.<*>.<*> user=<*>,"['auth', '0', '0', 'dovecot', 'violet', '127', '0.0.1', 'violet']"
10,mail.insect.com,Mar,4,14:14:59,mail,auth,pam_unix(dovecot:auth): authentication failure; logname= uid=0 euid=0 tty=dovecot ruser=violet rhost=127.0.0.1  user=violet,e4c34c7d,pam_unix(dovecot:<*>): authentication failure; logname= uid=<*> euid=<*> tty=<*> ruser=<*> rhost=<*>.<*>.<*>.<*> user=<*>,"['auth', '0', '0', 'dovecot', 'violet', '127', '0.0.1', 'violet']"
11,mail.insect.com,Mar,4,14:14:59,mail,auth,pam_unix(dovecot:auth): authentication failure; logname= uid=0 euid=0 tty=dovecot ruser=violet rhost=127.0.0.1  user=violet,e4c34c7d,pam_unix(dovecot:<*>): authentication failure; logname= uid=<*> euid=<*> tty=<*> ruser=<*> rhost=<*>.<*>.<*>.<*> user=<*>,"['auth', '0', '0', 'dovecot', 'violet', '127', '0.0.1', 'violet']"
12,mail.insect.com,Mar,4,14:14:59,mail,auth,pam_unix(dovecot:auth): authentication failure; logname= uid=0 euid=0 tty=dovecot ruser=violet rhost=127.0.0.1  user=violet,e4c34c7d,pam_unix(dovecot:<*>): authentication failure; logname= uid=<*> euid=<*> tty=<*> ruser=<*> rhost=<*>.<*>.<*>.<*> user=<*>,"['auth', '0', '0', 'dovecot', 'violet', '127', '0.0.1', 'violet']"
13,mail.insect.com,Mar,4,14:14:59,mail,auth,pam_unix(dovecot:auth): authentication failure; logname= uid=0 euid=0 tty=dovecot ruser=violet rhost=127.0.0.1  user=violet,e4c34c7d,pam_unix(dovecot:<*>): authentication failure; logname= uid=<*> euid=<*> tty=<*> ruser=<*> rhost=<*>.<*>.<*>.<*> user=<*>,"['auth', '0', '0', 'dovecot', 'violet', '127', '0.0.1', 'violet']"
14,mail.insect.com,Mar,4,14:14:59,mail,auth,pam_unix(dovecot:auth): authentication failure; logname= uid=0 euid=0 tty=dovecot ruser=violet rhost=127.0.0.1  user=violet,e4c34c7d,pam_unix(dovecot:<*>): authentication failure; logname= uid=<*> euid=<*> tty=<*> ruser=<*> rhost=<*>.<*>.<*>.<*> user=<*>,"['auth', '0', '0', 'dovecot', 'violet', '127', '0.0.1', 'violet']"
15,mail.insect.com,Mar,4,14:15:03,mail,auth,pam_unix(dovecot:auth): authentication failure; logname= uid=0 euid=0 tty=dovecot ruser=violet rhost=127.0.0.1  user=violet,e4c34c7d,pam_unix(dovecot:<*>): authentication failure; logname= uid=<*> euid=<*> tty=<*> ruser=<*> rhost=<*>.<*>.<*>.<*> user=<*>,"['auth', '0', '0', 'dovecot', 'violet', '127', '0.0.1', 'violet']"
16,mail.insect.com,Mar,4,14:15:03,mail,auth,pam_unix(dovecot:auth): authentication failure; logname= uid=0 euid=0 tty=dovecot ruser=violet rhost=127.0.0.1  user=violet,e4c34c7d,pam_unix(dovecot:<*>): authentication failure; logname= uid=<*> euid=<*> tty=<*> ruser=<*> rhost=<*>.<*>.<*>.<*> user=<*>,"['auth', '0', '0', 'dovecot', 'violet', '127', '0.0.1', 'violet']"
17,mail.insect.com,Mar,4,14:15:03,mail,auth,pam_unix(dovecot:auth): authentication failure; logname= uid=0 euid=0 tty=dovecot ruser=violet rhost=127.0.0.1  user=violet,e4c34c7d,pam_unix(dovecot:<*>): authentication failure; logname= uid=<*> euid=<*> tty=<*> ruser=<*> rhost=<*>.<*>.<*>.<*> user=<*>,"['auth', '0', '0', 'dovecot', 'violet', '127', '0.0.1', 'violet']"
18,mail.insect.com,Mar,4,14:15:05,mail,auth,pam_unix(dovecot:auth): authentication failure; logname= uid=0 euid=0 tty=dovecot ruser=violet rhost=127.0.0.1  user=violet,e4c34c7d,pam_unix(dovecot:<*>): authentication failure; logname= uid=<*> euid=<*> tty=<*> ruser=<*> rhost=<*>.<*>.<*>.<*> user=<*>,"['auth', '0', '0', 'dovecot', 'violet', '127', '0.0.1', 'violet']"
19,mail.insect.com,Mar,4,14:15:05,mail,auth,pam_unix(dovecot:auth): authentication failure; logname= uid=0 euid=0 tty=dovecot ruser=violet rhost=127.0.0.1  user=violet,e4c34c7d,pam_unix(dovecot:<*>): authentication failure; logname= uid=<*> euid=<*> tty=<*> ruser=<*> rhost=<*>.<*>.<*>.<*> user=<*>,"['auth', '0', '0', 'dovecot', 'violet', '127', '0.0.1', 'violet']"
20,mail.insect.com,Mar,4,14:15:05,mail,auth,pam_unix(dovecot:auth): authentication failure; logname= uid=0 euid=0 tty=dovecot ruser=violet rhost=127.0.0.1  user=violet,e4c34c7d,pam_unix(dovecot:<*>): authentication failure; logname= uid=<*> euid=<*> tty=<*> ruser=<*> rhost=<*>.<*>.<*>.<*> user=<*>,"['auth', '0', '0', 'dovecot', 'violet', '127', '0.0.1', 'violet']"
21,mail.insect.com,Mar,4,14:15:07,mail,auth,pam_unix(dovecot:auth): authentication failure; logname= uid=0 euid=0 tty=dovecot ruser=violet rhost=127.0.0.1  user=violet,e4c34c7d,pam_unix(dovecot:<*>): authentication failure; logname= uid=<*> euid=<*> tty=<*> ruser=<*> rhost=<*>.<*>.<*>.<*> user=<*>,"['auth', '0', '0', 'dovecot', 'violet', '127', '0.0.1', 'violet']"
22,mail.insect.com,Mar,4,14:15:07,mail,auth,pam_unix(dovecot:auth): authentication failure; logname= uid=0 euid=0 tty=dovecot ruser=violet rhost=127.0.0.1  user=violet,e4c34c7d,pam_unix(dovecot:<*>): authentication failure; logname= uid=<*> euid=<*> tty=<*> ruser=<*> rhost=<*>.<*>.<*>.<*> user=<*>,"['auth', '0', '0', 'dovecot', 'violet', '127', '0.0.1', 'violet']"
23,mail.insect.com,Mar,4,14:15:07,mail,auth,pam_unix(dovecot:auth): authentication failure; logname= uid=0 euid=0 tty=dovecot ruser=violet rhost=127.0.0.1  user=violet,e4c34c7d,pam_unix(dovecot:<*>): authentication failure; logname= uid=<*> euid=<*> tty=<*> ruser=<*> rhost=<*>.<*>.<*>.<*> user=<*>,"['auth', '0', '0', 'dovecot', 'violet', '127', '0.0.1', 'violet']"
24,mail.insect.com,Mar,4,14:15:07,mail,auth,pam_unix(dovecot:auth): authentication failure; logname= uid=0 euid=0 tty=dovecot ruser=violet rhost=127.0.0.1  user=violet,e4c34c7d,pam_unix(dovecot:<*>): authentication failure; logname= uid=<*> euid=<*> tty=<*> ruser=<*> rhost=<*>.<*>.<*>.<*> user=<*>,"['auth', '0', '0', 'dovecot', 'violet', '127', '0.0.1', 'violet']"
25,mail.insect.com,Mar,4,14:15:07,mail,auth,pam_unix(dovecot:auth): authentication failure; logname= uid=0 euid=0 tty=dovecot ruser=violet rhost=127.0.0.1  user=violet,e4c34c7d,pam_unix(dovecot:<*>): authentication failure; logname= uid=<*> euid=<*> tty=<*> ruser=<*> rhost=<*>.<*>.<*>.<*> user=<*>,"['auth', '0', '0', 'dovecot', 'violet', '127', '0.0.1', 'violet']"
26,mail.insect.com,Mar,4,14:15:07,mail,auth,pam_unix(dovecot:auth): authentication failure; logname= uid=0 euid=0 tty=dovecot ruser=violet rhost=127.0.0.1  user=violet,e4c34c7d,pam_unix(dovecot:<*>): authentication failure; logname= uid=<*> euid=<*> tty=<*> ruser=<*> rhost=<*>.<*>.<*>.<*> user=<*>,"['auth', '0', '0', 'dovecot', 'violet', '127', '0.0.1', 'violet']"
27,mail.insect.com,Mar,4,14:15:07,mail,auth,pam_unix(dovecot:auth): authentication failure; logname= uid=0 euid=0 tty=dovecot ruser=violet rhost=127.0.0.1  user=violet,e4c34c7d,pam_unix(dovecot:<*>): authentication failure; logname= uid=<*> euid=<*> tty=<*> ruser=<*> rhost=<*>.<*>.<*>.<*> user=<*>,"['auth', '0', '0', 'dovecot', 'violet', '127', '0.0.1', 'violet']"
28,mail.insect.com,Mar,4,14:15:07,mail,auth,pam_unix(dovecot:auth): authentication failure; logname= uid=0 euid=0 tty=dovecot ruser=violet rhost=127.0.0.1  user=violet,e4c34c7d,pam_unix(dovecot:<*>): authentication failure; logname= uid=<*> euid=<*> tty=<*> ruser=<*> rhost=<*>.<*>.<*>.<*> user=<*>,"['auth', '0', '0', 'dovecot', 'violet', '127', '0.0.1', 'violet']"
29,mail.insect.com,Mar,4,14:15:07,mail,auth,pam_unix(dovecot:auth): authentication failure; logname= uid=0 euid=0 tty=dovecot ruser=violet rhost=127.0.0.1  user=violet,e4c34c7d,pam_unix(dovecot:<*>): authentication failure; logname= uid=<*> euid=<*> tty=<*> ruser=<*> rhost=<*>.<*>.<*>.<*> user=<*>,"['auth', '0', '0', 'dovecot', 'violet', '127', '0.0.1', 'violet']"
30,mail.insect.com,Mar,4,14:15:07,mail,auth,pam_unix(dovecot:auth): authentication failure; logname= uid=0 euid=0 tty=dovecot ruser=violet rhost=127.0.0.1  user=violet,e4c34c7d,pam_unix(dovecot:<*>): authentication failure; logname= uid=<*> euid=<*> tty=<*> ruser=<*> rhost=<*>.<*>.<*>.<*> user=<*>,"['auth', '0', '0', 'dovecot', 'violet', '127', '0.0.1', 'violet']"
31,mail.insect.com,Mar,4,14:15:16,mail,auth,pam_unix(dovecot:auth): authentication failure; logname= uid=0 euid=0 tty=dovecot ruser=violet rhost=127.0.0.1  user=violet,e4c34c7d,pam_unix(dovecot:<*>): authentication failure; logname= uid=<*> euid=<*> tty=<*> ruser=<*> rhost=<*>.<*>.<*>.<*> user=<*>,"['auth', '0', '0', 'dovecot', 'violet', '127', '0.0.1', 'violet']"
32,mail.insect.com,Mar,4,14:15:16,mail,auth,pam_unix(dovecot:auth): authentication failure; logname= uid=0 euid=0 tty=dovecot ruser=violet rhost=127.0.0.1  user=violet,e4c34c7d,pam_unix(dovecot:<*>): authentication failure; logname= uid=<*> euid=<*> tty=<*> ruser=<*> rhost=<*>.<*>.<*>.<*> user=<*>,"['auth', '0', '0', 'dovecot', 'violet', '127', '0.0.1', 'violet']"
33,mail.insect.com,Mar,4,14:15:16,mail,auth,pam_unix(dovecot:auth): authentication failure; logname= uid=0 euid=0 tty=dovecot ruser=violet rhost=127.0.0.1  user=violet,e4c34c7d,pam_unix(dovecot:<*>): authentication failure; logname= uid=<*> euid=<*> tty=<*> ruser=<*> rhost=<*>.<*>.<*>.<*> user=<*>,"['auth', '0', '0', 'dovecot', 'violet', '127', '0.0.1', 'violet']"
34,mail.insect.com,Mar,4,14:15:18,mail,auth,pam_unix(dovecot:auth): authentication failure; logname= uid=0 euid=0 tty=dovecot ruser=violet rhost=127.0.0.1  user=violet,e4c34c7d,pam_unix(dovecot:<*>): authentication failure; logname= uid=<*> euid=<*> tty=<*> ruser=<*> rhost=<*>.<*>.<*>.<*> user=<*>,"['auth', '0', '0', 'dovecot', 'violet', '127', '0.0.1', 'violet']"
35,mail.insect.com,Mar,4,14:15:18,mail,auth,pam_unix(dovecot:auth): authentication failure; logname= uid=0 euid=0 tty=dovecot ruser=violet rhost=127.0.0.1  user=violet,e4c34c7d,pam_unix(dovecot:<*>): authentication failure; logname= uid=<*> euid=<*> tty=<*> ruser=<*> rhost=<*>.<*>.<*>.<*> user=<*>,"['auth', '0', '0', 'dovecot', 'violet', '127', '0.0.1', 'violet']"
36,mail.insect.com,Mar,4,14:15:18,mail,auth,pam_unix(dovecot:auth): authentication failure; logname= uid=0 euid=0 tty=dovecot ruser=violet rhost=127.0.0.1  user=violet,e4c34c7d,pam_unix(dovecot:<*>): authentication failure; logname= uid=<*> euid=<*> tty=<*> ruser=<*> rhost=<*>.<*>.<*>.<*> user=<*>,"['auth', '0', '0', 'dovecot', 'violet', '127', '0.0.1', 'violet']"
37,mail.insect.com,Mar,4,14:15:21,mail,auth,pam_unix(dovecot:auth): authentication failure; logname= uid=0 euid=0 tty=dovecot ruser=violet rhost=127.0.0.1  user=violet,e4c34c7d,pam_unix(dovecot:<*>): authentication failure; logname= uid=<*> euid=<*> tty=<*> ruser=<*> rhost=<*>.<*>.<*>.<*> user=<*>,"['auth', '0', '0', 'dovecot', 'violet', '127', '0.0.1', 'violet']"
38,mail.insect.com,Mar,4,14:15:21,mail,auth,pam_unix(dovecot:auth): authentication failure; logname= uid=0 euid=0 tty=dovecot ruser=violet rhost=127.0.0.1  user=violet,e4c34c7d,pam_unix(dovecot:<*>): authentication failure; logname= uid=<*> euid=<*> tty=<*> ruser=<*> rhost=<*>.<*>.<*>.<*> user=<*>,"['auth', '0', '0', 'dovecot', 'violet', '127', '0.0.1', 'violet']"
39,mail.insect.com,Mar,4,14:15:21,mail,auth,pam_unix(dovecot:auth): authentication failure; logname= uid=0 euid=0 tty=dovecot ruser=violet rhost=127.0.0.1  user=violet,e4c34c7d,pam_unix(dovecot:<*>): authentication failure; logname= uid=<*> euid=<*> tty=<*> ruser=<*> rhost=<*>.<*>.<*>.<*> user=<*>,"['auth', '0', '0', 'dovecot', 'violet', '127', '0.0.1', 'violet']"
40,mail.insect.com,Mar,4,14:15:21,mail,auth,pam_unix(dovecot:auth): authentication failure; logname= uid=0 euid=0 tty=dovecot ruser=violet rhost=127.0.0.1  user=violet,e4c34c7d,pam_unix(dovecot:<*>): authentication failure; logname= uid=<*> euid=<*> tty=<*> ruser=<*> rhost=<*>.<*>.<*>.<*> user=<*>,"['auth', '0', '0', 'dovecot', 'violet', '127', '0.0.1', 'violet']"
41,mail.insect.com,Mar,4,14:15:21,mail,auth,pam_unix(dovecot:auth): authentication failure; logname= uid=0 euid=0 tty=dovecot ruser=violet rhost=127.0.0.1  user=violet,e4c34c7d,pam_unix(dovecot:<*>): authentication failure; logname= uid=<*> euid=<*> tty=<*> ruser=<*> rhost=<*>.<*>.<*>.<*> user=<*>,"['auth', '0', '0', 'dovecot', 'violet', '127', '0.0.1', 'violet']"
42,mail.insect.com,Mar,4,14:15:21,mail,auth,pam_unix(dovecot:auth): authentication failure; logname= uid=0 euid=0 tty=dovecot ruser=violet rhost=127.0.0.1  user=violet,e4c34c7d,pam_unix(dovecot:<*>): authentication failure; logname= uid=<*> euid=<*> tty=<*> ruser=<*> rhost=<*>.<*>.<*>.<*> user=<*>,"['auth', '0', '0', 'dovecot', 'violet', '127', '0.0.1', 'violet']"
43,mail.insect.com,Mar,4,14:15:21,mail,auth,pam_unix(dovecot:auth): authentication failure; logname= uid=0 euid=0 tty=dovecot ruser=violet rhost=127.0.0.1  user=violet,e4c34c7d,pam_unix(dovecot:<*>): authentication failure; logname= uid=<*> euid=<*> tty=<*> ruser=<*> rhost=<*>.<*>.<*>.<*> user=<*>,"['auth', '0', '0', 'dovecot', 'violet', '127', '0.0.1', 'violet']"
44,mail.insect.com,Mar,4,14:15:21,mail,auth,pam_unix(dovecot:auth): authentication failure; logname= uid=0 euid=0 tty=dovecot ruser=violet rhost=127.0.0.1  user=violet,e4c34c7d,pam_unix(dovecot:<*>): authentication failure; logname= uid=<*> euid=<*> tty=<*> ruser=<*> rhost=<*>.<*>.<*>.<*> user=<*>,"['auth', '0', '0', 'dovecot', 'violet', '127', '0.0.1', 'violet']"
45,mail.insect.com,Mar,4,14:15:21,mail,auth,pam_unix(dovecot:auth): authentication failure; logname= uid=0 euid=0 tty=dovecot ruser=violet rhost=127.0.0.1  user=violet,e4c34c7d,pam_unix(dovecot:<*>): authentication failure; logname= uid=<*> euid=<*> tty=<*> ruser=<*> rhost=<*>.<*>.<*>.<*> user=<*>,"['auth', '0', '0', 'dovecot', 'violet', '127', '0.0.1', 'violet']"
46,mail.insect.com,Mar,4,14:15:21,mail,auth,pam_unix(dovecot:auth): authentication failure; logname= uid=0 euid=0 tty=dovecot ruser=violet rhost=127.0.0.1  user=violet,e4c34c7d,pam_unix(dovecot:<*>): authentication failure; logname= uid=<*> euid=<*> tty=<*> ruser=<*> rhost=<*>.<*>.<*>.<*> user=<*>,"['auth', '0', '0', 'dovecot', 'violet', '127', '0.0.1', 'violet']"
47,mail.insect.com,Mar,4,14:15:25,mail,auth,pam_unix(dovecot:auth): authentication failure; logname= uid=0 euid=0 tty=dovecot ruser=violet rhost=127.0.0.1  user=violet,e4c34c7d,pam_unix(dovecot:<*>): authentication failure; logname= uid=<*> euid=<*> tty=<*> ruser=<*> rhost=<*>.<*>.<*>.<*> user=<*>,"['auth', '0', '0', 'dovecot', 'violet', '127', '0.0.1', 'violet']"
48,mail.insect.com,Mar,4,14:15:25,mail,auth,pam_unix(dovecot:auth): authentication failure; logname= uid=0 euid=0 tty=dovecot ruser=violet rhost=127.0.0.1  user=violet,e4c34c7d,pam_unix(dovecot:<*>): authentication failure; logname= uid=<*> euid=<*> tty=<*> ruser=<*> rhost=<*>.<*>.<*>.<*> user=<*>,"['auth', '0', '0', 'dovecot', 'violet', '127', '0.0.1', 'violet']"
49,mail.insect.com,Mar,4,14:15:25,mail,auth,pam_unix(dovecot:auth): authentication failure; logname= uid=0 euid=0 tty=dovecot ruser=violet rhost=127.0.0.1  user=violet,e4c34c7d,pam_unix(dovecot:<*>): authentication failure; logname= uid=<*> euid=<*> tty=<*> ruser=<*> rhost=<*>.<*>.<*>.<*> user=<*>,"['auth', '0', '0', 'dovecot', 'violet', '127', '0.0.1', 'violet']"
50,mail.insect.com,Mar,4,14:15:25,mail,auth,pam_unix(dovecot:auth): authentication failure; logname= uid=0 euid=0 tty=dovecot ruser=violet rhost=127.0.0.1  user=violet,e4c34c7d,pam_unix(dovecot:<*>): authentication failure; logname= uid=<*> euid=<*> tty=<*> ruser=<*> rhost=<*>.<*>.<*>.<*> user=<*>,"['auth', '0', '0', 'dovecot', 'violet', '127', '0.0.1', 'violet']"
51,mail.insect.com,Mar,4,14:15:25,mail,auth,pam_unix(dovecot:auth): authentication failure; logname= uid=0 euid=0 tty=dovecot ruser=violet rhost=127.0.0.1  user=violet,e4c34c7d,pam_unix(dovecot:<*>): authentication failure; logname= uid=<*> euid=<*> tty=<*> ruser=<*> rhost=<*>.<*>.<*>.<*> user=<*>,"['auth', '0', '0', 'dovecot', 'violet', '127', '0.0.1', 'violet']"
52,mail.insect.com,Mar,4,14:15:25,mail,auth,pam_unix(dovecot:auth): authentication failure; logname= uid=0 euid=0 tty=dovecot ruser=violet rhost=127.0.0.1  user=violet,e4c34c7d,pam_unix(dovecot:<*>): authentication failure; logname= uid=<*> euid=<*> tty=<*> ruser=<*> rhost=<*>.<*>.<*>.<*> user=<*>,"['auth', '0', '0', 'dovecot', 'violet', '127', '0.0.1', 'violet']"
53,mail.insect.com,Mar,4,14:15:25,mail,auth,pam_unix(dovecot:auth): authentication failure; logname= uid=0 euid=0 tty=dovecot ruser=violet rhost=127.0.0.1  user=violet,e4c34c7d,pam_unix(dovecot:<*>): authentication failure; logname= uid=<*> euid=<*> tty=<*> ruser=<*> rhost=<*>.<*>.<*>.<*> user=<*>,"['auth', '0', '0', 'dovecot', 'violet', '127', '0.0.1', 'violet']"
54,mail.insect.com,Mar,4,14:15:25,mail,auth,pam_unix(dovecot:auth): authentication failure; logname= uid=0 euid=0 tty=dovecot ruser=violet rhost=127.0.0.1  user=violet,e4c34c7d,pam_unix(dovecot:<*>): authentication failure; logname= uid=<*> euid=<*> tty=<*> ruser=<*> rhost=<*>.<*>.<*>.<*> user=<*>,"['auth', '0', '0', 'dovecot', 'violet', '127', '0.0.1', 'violet']"
55,mail.insect.com,Mar,4,14:15:25,mail,auth,pam_unix(dovecot:auth): authentication failure; logname= uid=0 euid=0 tty=dovecot ruser=violet rhost=127.0.0.1  user=violet,e4c34c7d,pam_unix(dovecot:<*>): authentication failure; logname= uid=<*> euid=<*> tty=<*> ruser=<*> rhost=<*>.<*>.<*>.<*> user=<*>,"['auth', '0', '0', 'dovecot', 'violet', '127', '0.0.1', 'violet']"
56,mail.insect.com,Mar,4,14:15:25,mail,auth,pam_unix(dovecot:auth): authentication failure; logname= uid=0 euid=0 tty=dovecot ruser=violet rhost=127.0.0.1  user=violet,e4c34c7d,pam_unix(dovecot:<*>): authentication failure; logname= uid=<*> euid=<*> tty=<*> ruser=<*> rhost=<*>.<*>.<*>.<*> user=<*>,"['auth', '0', '0', 'dovecot', 'violet', '127', '0.0.1', 'violet']"
57,mail.insect.com,Mar,4,14:15:31,mail,auth,pam_unix(dovecot:auth): authentication failure; logname= uid=0 euid=0 tty=dovecot ruser=violet rhost=127.0.0.1  user=violet,e4c34c7d,pam_unix(dovecot:<*>): authentication failure; logname= uid=<*> euid=<*> tty=<*> ruser=<*> rhost=<*>.<*>.<*>.<*> user=<*>,"['auth', '0', '0', 'dovecot', 'violet', '127', '0.0.1', 'violet']"
58,mail.insect.com,Mar,4,14:15:31,mail,auth,pam_unix(dovecot:auth): authentication failure; logname= uid=0 euid=0 tty=dovecot ruser=violet rhost=127.0.0.1  user=violet,e4c34c7d,pam_unix(dovecot:<*>): authentication failure; logname= uid=<*> euid=<*> tty=<*> ruser=<*> rhost=<*>.<*>.<*>.<*> user=<*>,"['auth', '0', '0', 'dovecot', 'violet', '127', '0.0.1', 'violet']"
59,mail.insect.com,Mar,4,14:15:31,mail,auth,pam_unix(dovecot:auth): authentication failure; logname= uid=0 euid=0 tty=dovecot ruser=violet rhost=127.0.0.1  user=violet,e4c34c7d,pam_unix(dovecot:<*>): authentication failure; logname= uid=<*> euid=<*> tty=<*> ruser=<*> rhost=<*>.<*>.<*>.<*> user=<*>,"['auth', '0', '0', 'dovecot', 'violet', '127', '0.0.1', 'violet']"
60,mail.insect.com,Mar,4,14:15:31,mail,auth,pam_unix(dovecot:auth): authentication failure; logname= uid=0 euid=0 tty=dovecot ruser=violet rhost=127.0.0.1  user=violet,e4c34c7d,pam_unix(dovecot:<*>): authentication failure; logname= uid=<*> euid=<*> tty=<*> ruser=<*> rhost=<*>.<*>.<*>.<*> user=<*>,"['auth', '0', '0', 'dovecot', 'violet', '127', '0.0.1', 'violet']"
61,mail.insect.com,Mar,4,14:15:31,mail,auth,pam_unix(dovecot:auth): authentication failure; logname= uid=0 euid=0 tty=dovecot ruser=violet rhost=127.0.0.1  user=violet,e4c34c7d,pam_unix(dovecot:<*>): authentication failure; logname= uid=<*> euid=<*> tty=<*> ruser=<*> rhost=<*>.<*>.<*>.<*> user=<*>,"['auth', '0', '0', 'dovecot', 'violet', '127', '0.0.1', 'violet']"
62,mail.insect.com,Mar,4,14:15:31,mail,auth,pam_unix(dovecot:auth): authentication failure; logname= uid=0 euid=0 tty=dovecot ruser=violet rhost=127.0.0.1  user=violet,e4c34c7d,pam_unix(dovecot:<*>): authentication failure; logname= uid=<*> euid=<*> tty=<*> ruser=<*> rhost=<*>.<*>.<*>.<*> user=<*>,"['auth', '0', '0', 'dovecot', 'violet', '127', '0.0.1', 'violet']"
63,mail.insect.com,Mar,4,14:15:31,mail,auth,pam_unix(dovecot:auth): authentication failure; logname= uid=0 euid=0 tty=dovecot ruser=violet rhost=127.0.0.1  user=violet,e4c34c7d,pam_unix(dovecot:<*>): authentication failure; logname= uid=<*> euid=<*> tty=<*> ruser=<*> rhost=<*>.<*>.<*>.<*> user=<*>,"['auth', '0', '0', 'dovecot', 'violet', '127', '0.0.1', 'violet']"
64,mail.insect.com,Mar,4,14:15:31,mail,auth,pam_unix(dovecot:auth): authentication failure; logname= uid=0 euid=0 tty=dovecot ruser=violet rhost=127.0.0.1  user=violet,e4c34c7d,pam_unix(dovecot:<*>): authentication failure; logname= uid=<*> euid=<*> tty=<*> ruser=<*> rhost=<*>.<*>.<*>.<*> user=<*>,"['auth', '0', '0', 'dovecot', 'violet', '127', '0.0.1', 'violet']"
65,mail.insect.com,Mar,4,14:15:31,mail,auth,pam_unix(dovecot:auth): authentication failure; logname= uid=0 euid=0 tty=dovecot ruser=violet rhost=127.0.0.1  user=violet,e4c34c7d,pam_unix(dovecot:<*>): authentication failure; logname= uid=<*> euid=<*> tty=<*> ruser=<*> rhost=<*>.<*>.<*>.<*> user=<*>,"['auth', '0', '0', 'dovecot', 'violet', '127', '0.0.1', 'violet']"
66,mail.insect.com,Mar,4,14:15:31,mail,auth,pam_unix(dovecot:auth): authentication failure; logname= uid=0 euid=0 tty=dovecot ruser=violet rhost=127.0.0.1  user=violet,e4c34c7d,pam_unix(dovecot:<*>): authentication failure; logname= uid=<*> euid=<*> tty=<*> ruser=<*> rhost=<*>.<*>.<*>.<*> user=<*>,"['auth', '0', '0', 'dovecot', 'violet', '127', '0.0.1', 'violet']"
67,mail.insect.com,Mar,4,14:15:36,mail,auth,pam_unix(dovecot:auth): authentication failure; logname= uid=0 euid=0 tty=dovecot ruser=violet rhost=127.0.0.1  user=violet,e4c34c7d,pam_unix(dovecot:<*>): authentication failure; logname= uid=<*> euid=<*> tty=<*> ruser=<*> rhost=<*>.<*>.<*>.<*> user=<*>,"['auth', '0', '0', 'dovecot', 'violet', '127', '0.0.1', 'violet']"
68,mail.insect.com,Mar,4,14:15:36,mail,auth,pam_unix(dovecot:auth): authentication failure; logname= uid=0 euid=0 tty=dovecot ruser=violet rhost=127.0.0.1  user=violet,e4c34c7d,pam_unix(dovecot:<*>): authentication failure; logname= uid=<*> euid=<*> tty=<*> ruser=<*> rhost=<*>.<*>.<*>.<*> user=<*>,"['auth', '0', '0', 'dovecot', 'violet', '127', '0.0.1', 'violet']"
69,mail.insect.com,Mar,4,14:15:36,mail,auth,pam_unix(dovecot:auth): authentication failure; logname= uid=0 euid=0 tty=dovecot ruser=violet rhost=127.0.0.1  user=violet,e4c34c7d,pam_unix(dovecot:<*>): authentication failure; logname= uid=<*> euid=<*> tty=<*> ruser=<*> rhost=<*>.<*>.<*>.<*> user=<*>,"['auth', '0', '0', 'dovecot', 'violet', '127', '0.0.1', 'violet']"
70,mail.insect.com,Mar,4,14:15:37,mail,auth,pam_unix(dovecot:auth): authentication failure; logname= uid=0 euid=0 tty=dovecot ruser=violet rhost=127.0.0.1  user=violet,e4c34c7d,pam_unix(dovecot:<*>): authentication failure; logname= uid=<*> euid=<*> tty=<*> ruser=<*> rhost=<*>.<*>.<*>.<*> user=<*>,"['auth', '0', '0', 'dovecot', 'violet', '127', '0.0.1', 'violet']"
71,mail.insect.com,Mar,4,14:15:37,mail,auth,pam_unix(dovecot:auth): authentication failure; logname= uid=0 euid=0 tty=dovecot ruser=violet rhost=127.0.0.1  user=violet,e4c34c7d,pam_unix(dovecot:<*>): authentication failure; logname= uid=<*> euid=<*> tty=<*> ruser=<*> rhost=<*>.<*>.<*>.<*> user=<*>,"['auth', '0', '0', 'dovecot', 'violet', '127', '0.0.1', 'violet']"
72,mail.insect.com,Mar,4,14:15:37,mail,auth,pam_unix(dovecot:auth): authentication failure; logname= uid=0 euid=0 tty=dovecot ruser=violet rhost=127.0.0.1  user=violet,e4c34c7d,pam_unix(dovecot:<*>): authentication failure; logname= uid=<*> euid=<*> tty=<*> ruser=<*> rhost=<*>.<*>.<*>.<*> user=<*>,"['auth', '0', '0', 'dovecot', 'violet', '127', '0.0.1', 'violet']"
73,mail.insect.com,Mar,4,14:15:38,mail,auth,pam_unix(dovecot:auth): authentication failure; logname= uid=0 euid=0 tty=dovecot ruser=violet rhost=127.0.0.1  user=violet,e4c34c7d,pam_unix(dovecot:<*>): authentication failure; logname= uid=<*> euid=<*> tty=<*> ruser=<*> rhost=<*>.<*>.<*>.<*> user=<*>,"['auth', '0', '0', 'dovecot', 'violet', '127', '0.0.1', 'violet']"
74,mail.insect.com,Mar,4,14:15:38,mail,auth,pam_unix(dovecot:auth): authentication failure; logname= uid=0 euid=0 tty=dovecot ruser=violet rhost=127.0.0.1  user=violet,e4c34c7d,pam_unix(dovecot:<*>): authentication failure; logname= uid=<*> euid=<*> tty=<*> ruser=<*> rhost=<*>.<*>.<*>.<*> user=<*>,"['auth', '0', '0', 'dovecot', 'violet', '127', '0.0.1', 'violet']"
75,mail.insect.com,Mar,4,14:15:38,mail,auth,pam_unix(dovecot:auth): authentication failure; logname= uid=0 euid=0 tty=dovecot ruser=violet rhost=127.0.0.1  user=violet,e4c34c7d,pam_unix(dovecot:<*>): authentication failure; logname= uid=<*> euid=<*> tty=<*> ruser=<*> rhost=<*>.<*>.<*>.<*> user=<*>,"['auth', '0', '0', 'dovecot', 'violet', '127', '0.0.1', 'violet']"
76,mail.insect.com,Mar,4,14:15:38,mail,auth,pam_unix(dovecot:auth): authentication failure; logname= uid=0 euid=0 tty=dovecot ruser=violet rhost=127.0.0.1  user=violet,e4c34c7d,pam_unix(dovecot:<*>): authentication failure; logname= uid=<*> euid=<*> tty=<*> ruser=<*> rhost=<*>.<*>.<*>.<*> user=<*>,"['auth', '0', '0', 'dovecot', 'violet', '127', '0.0.1', 'violet']"
77,mail.insect.com,Mar,4,14:15:38,mail,auth,pam_unix(dovecot:auth): authentication failure; logname= uid=0 euid=0 tty=dovecot ruser=violet rhost=127.0.0.1  user=violet,e4c34c7d,pam_unix(dovecot:<*>): authentication failure; logname= uid=<*> euid=<*> tty=<*> ruser=<*> rhost=<*>.<*>.<*>.<*> user=<*>,"['auth', '0', '0', 'dovecot', 'violet', '127', '0.0.1', 'violet']"
78,mail.insect.com,Mar,4,14:15:38,mail,auth,pam_unix(dovecot:auth): authentication failure; logname= uid=0 euid=0 tty=dovecot ruser=violet rhost=127.0.0.1  user=violet,e4c34c7d,pam_unix(dovecot:<*>): authentication failure; logname= uid=<*> euid=<*> tty=<*> ruser=<*> rhost=<*>.<*>.<*>.<*> user=<*>,"['auth', '0', '0', 'dovecot', 'violet', '127', '0.0.1', 'violet']"
79,mail.insect.com,Mar,4,14:15:38,mail,auth,pam_unix(dovecot:auth): authentication failure; logname= uid=0 euid=0 tty=dovecot ruser=violet rhost=127.0.0.1  user=violet,e4c34c7d,pam_unix(dovecot:<*>): authentication failure; logname= uid=<*> euid=<*> tty=<*> ruser=<*> rhost=<*>.<*>.<*>.<*> user=<*>,"['auth', '0', '0', 'dovecot', 'violet', '127', '0.0.1', 'violet']"
80,mail.insect.com,Mar,4,14:15:38,mail,auth,pam_unix(dovecot:auth): authentication failure; logname= uid=0 euid=0 tty=dovecot ruser=violet rhost=127.0.0.1  user=violet,e4c34c7d,pam_unix(dovecot:<*>): authentication failure; logname= uid=<*> euid=<*> tty=<*> ruser=<*> rhost=<*>.<*>.<*>.<*> user=<*>,"['auth', '0', '0', 'dovecot', 'violet', '127', '0.0.1', 'violet']"
81,mail.insect.com,Mar,4,14:15:38,mail,auth,pam_unix(dovecot:auth): authentication failure; logname= uid=0 euid=0 tty=dovecot ruser=violet rhost=127.0.0.1  user=violet,e4c34c7d,pam_unix(dovecot:<*>): authentication failure; logname= uid=<*> euid=<*> tty=<*> ruser=<*> rhost=<*>.<*>.<*>.<*> user=<*>,"['auth', '0', '0', 'dovecot', 'violet', '127', '0.0.1', 'violet']"
82,mail.insect.com,Mar,4,14:15:38,mail,auth,pam_unix(dovecot:auth): authentication failure; logname= uid=0 euid=0 tty=dovecot ruser=violet rhost=127.0.0.1  user=violet,e4c34c7d,pam_unix(dovecot:<*>): authentication failure; logname= uid=<*> euid=<*> tty=<*> ruser=<*> rhost=<*>.<*>.<*>.<*> user=<*>,"['auth', '0', '0', 'dovecot', 'violet', '127', '0.0.1', 'violet']"
83,mail.insect.com,Mar,4,14:15:40,mail,auth,pam_unix(dovecot:auth): authentication failure; logname= uid=0 euid=0 tty=dovecot ruser=violet rhost=127.0.0.1  user=violet,e4c34c7d,pam_unix(dovecot:<*>): authentication failure; logname= uid=<*> euid=<*> tty=<*> ruser=<*> rhost=<*>.<*>.<*>.<*> user=<*>,"['auth', '0', '0', 'dovecot', 'violet', '127', '0.0.1', 'violet']"
84,mail.insect.com,Mar,4,14:15:40,mail,auth,pam_unix(dovecot:auth): authentication failure; logname= uid=0 euid=0 tty=dovecot ruser=violet rhost=127.0.0.1  user=violet,e4c34c7d,pam_unix(dovecot:<*>): authentication failure; logname= uid=<*> euid=<*> tty=<*> ruser=<*> rhost=<*>.<*>.<*>.<*> user=<*>,"['auth', '0', '0', 'dovecot', 'violet', '127', '0.0.1', 'violet']"
85,mail.insect.com,Mar,4,14:15:40,mail,auth,pam_unix(dovecot:auth): authentication failure; logname= uid=0 euid=0 tty=dovecot ruser=violet rhost=127.0.0.1  user=violet,e4c34c7d,pam_unix(dovecot:<*>): authentication failure; logname= uid=<*> euid=<*> tty=<*> ruser=<*> rhost=<*>.<*>.<*>.<*> user=<*>,"['auth', '0', '0', 'dovecot', 'violet', '127', '0.0.1', 'violet']"
86,mail.insect.com,Mar,4,14:15:47,mail,auth,pam_unix(dovecot:auth): authentication failure; logname= uid=0 euid=0 tty=dovecot ruser=violet rhost=127.0.0.1  user=violet,e4c34c7d,pam_unix(dovecot:<*>): authentication failure; logname= uid=<*> euid=<*> tty=<*> ruser=<*> rhost=<*>.<*>.<*>.<*> user=<*>,"['auth', '0', '0', 'dovecot', 'violet', '127', '0.0.1', 'violet']"
87,mail.insect.com,Mar,4,14:15:47,mail,auth,pam_unix(dovecot:auth): authentication failure; logname= uid=0 euid=0 tty=dovecot ruser=violet rhost=127.0.0.1  user=violet,e4c34c7d,pam_unix(dovecot:<*>): authentication failure; logname= uid=<*> euid=<*> tty=<*> ruser=<*> rhost=<*>.<*>.<*>.<*> user=<*>,"['auth', '0', '0', 'dovecot', 'violet', '127', '0.0.1', 'violet']"
88,mail.insect.com,Mar,4,14:15:47,mail,auth,pam_unix(dovecot:auth): authentication failure; logname= uid=0 euid=0 tty=dovecot ruser=violet rhost=127.0.0.1  user=violet,e4c34c7d,pam_unix(dovecot:<*>): authentication failure; logname= uid=<*> euid=<*> tty=<*> ruser=<*> rhost=<*>.<*>.<*>.<*> user=<*>,"['auth', '0', '0', 'dovecot', 'violet', '127', '0.0.1', 'violet']"
89,mail.insect.com,Mar,4,14:15:48,mail,auth,pam_unix(dovecot:auth): authentication failure; logname= uid=0 euid=0 tty=dovecot ruser=violet rhost=127.0.0.1  user=violet,e4c34c7d,pam_unix(dovecot:<*>): authentication failure; logname= uid=<*> euid=<*> tty=<*> ruser=<*> rhost=<*>.<*>.<*>.<*> user=<*>,"['auth', '0', '0', 'dovecot', 'violet', '127', '0.0.1', 'violet']"
90,mail.insect.com,Mar,4,14:15:48,mail,auth,pam_unix(dovecot:auth): authentication failure; logname= uid=0 euid=0 tty=dovecot ruser=violet rhost=127.0.0.1  user=violet,e4c34c7d,pam_unix(dovecot:<*>): authentication failure; logname= uid=<*> euid=<*> tty=<*> ruser=<*> rhost=<*>.<*>.<*>.<*> user=<*>,"['auth', '0', '0', 'dovecot', 'violet', '127', '0.0.1', 'violet']"
91,mail.insect.com,Mar,4,14:15:48,mail,auth,pam_unix(dovecot:auth): authentication failure; logname= uid=0 euid=0 tty=dovecot ruser=violet rhost=127.0.0.1  user=violet,e4c34c7d,pam_unix(dovecot:<*>): authentication failure; logname= uid=<*> euid=<*> tty=<*> ruser=<*> rhost=<*>.<*>.<*>.<*> user=<*>,"['auth', '0', '0', 'dovecot', 'violet', '127', '0.0.1', 'violet']"
92,mail.insect.com,Mar,4,14:15:48,mail,auth,pam_unix(dovecot:auth): authentication failure; logname= uid=0 euid=0 tty=dovecot ruser=violet rhost=127.0.0.1  user=violet,e4c34c7d,pam_unix(dovecot:<*>): authentication failure; logname= uid=<*> euid=<*> tty=<*> ruser=<*> rhost=<*>.<*>.<*>.<*> user=<*>,"['auth', '0', '0', 'dovecot', 'violet', '127', '0.0.1', 'violet']"
93,mail.insect.com,Mar,4,14:15:48,mail,auth,pam_unix(dovecot:auth): authentication failure; logname= uid=0 euid=0 tty=dovecot ruser=violet rhost=127.0.0.1  user=violet,e4c34c7d,pam_unix(dovecot:<*>): authentication failure; logname= uid=<*> euid=<*> tty=<*> ruser=<*> rhost=<*>.<*>.<*>.<*> user=<*>,"['auth', '0', '0', 'dovecot', 'violet', '127', '0.0.1', 'violet']"
94,mail.insect.com,Mar,4,14:15:48,mail,auth,pam_unix(dovecot:auth): authentication failure; logname= uid=0 euid=0 tty=dovecot ruser=violet rhost=127.0.0.1  user=violet,e4c34c7d,pam_unix(dovecot:<*>): authentication failure; logname= uid=<*> euid=<*> tty=<*> ruser=<*> rhost=<*>.<*>.<*>.<*> user=<*>,"['auth', '0', '0', 'dovecot', 'violet', '127', '0.0.1', 'violet']"
95,mail.insect.com,Mar,4,14:15:48,mail,auth,pam_unix(dovecot:auth): authentication failure; logname= uid=0 euid=0 tty=dovecot ruser=violet rhost=127.0.0.1  user=violet,e4c34c7d,pam_unix(dovecot:<*>): authentication failure; logname= uid=<*> euid=<*> tty=<*> ruser=<*> rhost=<*>.<*>.<*>.<*> user=<*>,"['auth', '0', '0', 'dovecot', 'violet', '127', '0.0.1', 'violet']"
96,mail.insect.com,Mar,4,14:15:48,mail,auth,pam_unix(dovecot:auth): authentication failure; logname= uid=0 euid=0 tty=dovecot ruser=violet rhost=127.0.0.1  user=violet,e4c34c7d,pam_unix(dovecot:<*>): authentication failure; logname= uid=<*> euid=<*> tty=<*> ruser=<*> rhost=<*>.<*>.<*>.<*> user=<*>,"['auth', '0', '0', 'dovecot', 'violet', '127', '0.0.1', 'violet']"
97,mail.insect.com,Mar,4,14:15:48,mail,auth,pam_unix(dovecot:auth): authentication failure; logname= uid=0 euid=0 tty=dovecot ruser=violet rhost=127.0.0.1  user=violet,e4c34c7d,pam_unix(dovecot:<*>): authentication failure; logname= uid=<*> euid=<*> tty=<*> ruser=<*> rhost=<*>.<*>.<*>.<*> user=<*>,"['auth', '0', '0', 'dovecot', 'violet', '127', '0.0.1', 'violet']"
98,mail.insect.com,Mar,4,14:15:49,mail,auth,pam_unix(dovecot:auth): authentication failure; logname= uid=0 euid=0 tty=dovecot ruser=violet rhost=127.0.0.1  user=violet,e4c34c7d,pam_unix(dovecot:<*>): authentication failure; logname= uid=<*> euid=<*> tty=<*> ruser=<*> rhost=<*>.<*>.<*>.<*> user=<*>,"['auth', '0', '0', 'dovecot', 'violet', '127', '0.0.1', 'violet']"
99,mail.insect.com,Mar,4,14:15:49,mail,auth,pam_unix(dovecot:auth): authentication failure; logname= uid=0 euid=0 tty=dovecot ruser=violet rhost=127.0.0.1  user=violet,e4c34c7d,pam_unix(dovecot:<*>): authentication failure; logname= uid=<*> euid=<*> tty=<*> ruser=<*> rhost=<*>.<*>.<*>.<*> user=<*>,"['auth', '0', '0', 'dovecot', 'violet', '127', '0.0.1', 'violet']"
100,mail.insect.com,Mar,4,14:15:49,mail,auth,pam_unix(dovecot:auth): authentication failure; logname= uid=0 euid=0 tty=dovecot ruser=violet rhost=127.0.0.1  user=violet,e4c34c7d,pam_unix(dovecot:<*>): authentication failure; logname= uid=<*> euid=<*> tty=<*> ruser=<*> rhost=<*>.<*>.<*>.<*> user=<*>,"['auth', '0', '0', 'dovecot', 'violet', '127', '0.0.1', 'violet']"
101,mail.insect.com,Mar,4,14:15:58,mail,auth,pam_unix(dovecot:auth): authentication failure; logname= uid=0 euid=0 tty=dovecot ruser=violet rhost=127.0.0.1  user=violet,e4c34c7d,pam_unix(dovecot:<*>): authentication failure; logname= uid=<*> euid=<*> tty=<*> ruser=<*> rhost=<*>.<*>.<*>.<*> user=<*>,"['auth', '0', '0', 'dovecot', 'violet', '127', '0.0.1', 'violet']"
102,mail.insect.com,Mar,4,14:15:58,mail,auth,pam_unix(dovecot:auth): authentication failure; logname= uid=0 euid=0 tty=dovecot ruser=violet rhost=127.0.0.1  user=violet,e4c34c7d,pam_unix(dovecot:<*>): authentication failure; logname= uid=<*> euid=<*> tty=<*> ruser=<*> rhost=<*>.<*>.<*>.<*> user=<*>,"['auth', '0', '0', 'dovecot', 'violet', '127', '0.0.1', 'violet']"
103,mail.insect.com,Mar,4,14:15:58,mail,auth,pam_unix(dovecot:auth): authentication failure; logname= uid=0 euid=0 tty=dovecot ruser=violet rhost=127.0.0.1  user=violet,e4c34c7d,pam_unix(dovecot:<*>): authentication failure; logname= uid=<*> euid=<*> tty=<*> ruser=<*> rhost=<*>.<*>.<*>.<*> user=<*>,"['auth', '0', '0', 'dovecot', 'violet', '127', '0.0.1', 'violet']"
104,mail.insect.com,Mar,4,14:16:00,mail,auth,pam_unix(dovecot:auth): authentication failure; logname= uid=0 euid=0 tty=dovecot ruser=violet rhost=127.0.0.1  user=violet,e4c34c7d,pam_unix(dovecot:<*>): authentication failure; logname= uid=<*> euid=<*> tty=<*> ruser=<*> rhost=<*>.<*>.<*>.<*> user=<*>,"['auth', '0', '0', 'dovecot', 'violet', '127', '0.0.1', 'violet']"
105,mail.insect.com,Mar,4,14:16:00,mail,auth,pam_unix(dovecot:auth): authentication failure; logname= uid=0 euid=0 tty=dovecot ruser=violet rhost=127.0.0.1  user=violet,e4c34c7d,pam_unix(dovecot:<*>): authentication failure; logname= uid=<*> euid=<*> tty=<*> ruser=<*> rhost=<*>.<*>.<*>.<*> user=<*>,"['auth', '0', '0', 'dovecot', 'violet', '127', '0.0.1', 'violet']"
106,mail.insect.com,Mar,4,14:16:00,mail,auth,pam_unix(dovecot:auth): authentication failure; logname= uid=0 euid=0 tty=dovecot ruser=violet rhost=127.0.0.1  user=violet,e4c34c7d,pam_unix(dovecot:<*>): authentication failure; logname= uid=<*> euid=<*> tty=<*> ruser=<*> rhost=<*>.<*>.<*>.<*> user=<*>,"['auth', '0', '0', 'dovecot', 'violet', '127', '0.0.1', 'violet']"
107,mail.insect.com,Mar,4,14:16:00,mail,auth,pam_unix(dovecot:auth): authentication failure; logname= uid=0 euid=0 tty=dovecot ruser=violet rhost=127.0.0.1  user=violet,e4c34c7d,pam_unix(dovecot:<*>): authentication failure; logname= uid=<*> euid=<*> tty=<*> ruser=<*> rhost=<*>.<*>.<*>.<*> user=<*>,"['auth', '0', '0', 'dovecot', 'violet', '127', '0.0.1', 'violet']"
108,mail.insect.com,Mar,4,14:16:00,mail,auth,pam_unix(dovecot:auth): authentication failure; logname= uid=0 euid=0 tty=dovecot ruser=violet rhost=127.0.0.1  user=violet,e4c34c7d,pam_unix(dovecot:<*>): authentication failure; logname= uid=<*> euid=<*> tty=<*> ruser=<*> rhost=<*>.<*>.<*>.<*> user=<*>,"['auth', '0', '0', 'dovecot', 'violet', '127', '0.0.1', 'violet']"
109,mail.insect.com,Mar,4,14:16:00,mail,auth,pam_unix(dovecot:auth): authentication failure; logname= uid=0 euid=0 tty=dovecot ruser=violet rhost=127.0.0.1  user=violet,e4c34c7d,pam_unix(dovecot:<*>): authentication failure; logname= uid=<*> euid=<*> tty=<*> ruser=<*> rhost=<*>.<*>.<*>.<*> user=<*>,"['auth', '0', '0', 'dovecot', 'violet', '127', '0.0.1', 'violet']"
110,mail.insect.com,Mar,4,14:16:00,mail,auth,pam_unix(dovecot:auth): authentication failure; logname= uid=0 euid=0 tty=dovecot ruser=violet rhost=127.0.0.1  user=violet,e4c34c7d,pam_unix(dovecot:<*>): authentication failure; logname= uid=<*> euid=<*> tty=<*> ruser=<*> rhost=<*>.<*>.<*>.<*> user=<*>,"['auth', '0', '0', 'dovecot', 'violet', '127', '0.0.1', 'violet']"
111,mail.insect.com,Mar,4,14:16:00,mail,auth,pam_unix(dovecot:auth): authentication failure; logname= uid=0 euid=0 tty=dovecot ruser=violet rhost=127.0.0.1  user=violet,e4c34c7d,pam_unix(dovecot:<*>): authentication failure; logname= uid=<*> euid=<*> tty=<*> ruser=<*> rhost=<*>.<*>.<*>.<*> user=<*>,"['auth', '0', '0', 'dovecot', 'violet', '127', '0.0.1', 'violet']"
112,mail.insect.com,Mar,4,14:16:00,mail,auth,pam_unix(dovecot:auth): authentication failure; logname= uid=0 euid=0 tty=dovecot ruser=violet rhost=127.0.0.1  user=violet,e4c34c7d,pam_unix(dovecot:<*>): authentication failure; logname= uid=<*> euid=<*> tty=<*> ruser=<*> rhost=<*>.<*>.<*>.<*> user=<*>,"['auth', '0', '0', 'dovecot', 'violet', '127', '0.0.1', 'violet']"
113,mail.insect.com,Mar,4,14:16:01,mail,auth,pam_unix(dovecot:auth): authentication failure; logname= uid=0 euid=0 tty=dovecot ruser=violet rhost=127.0.0.1  user=violet,e4c34c7d,pam_unix(dovecot:<*>): authentication failure; logname= uid=<*> euid=<*> tty=<*> ruser=<*> rhost=<*>.<*>.<*>.<*> user=<*>,"['auth', '0', '0', 'dovecot', 'violet', '127', '0.0.1', 'violet']"
114,mail.insect.com,Mar,4,14:16:01,mail,auth,pam_unix(dovecot:auth): authentication failure; logname= uid=0 euid=0 tty=dovecot ruser=violet rhost=127.0.0.1  user=violet,e4c34c7d,pam_unix(dovecot:<*>): authentication failure; logname= uid=<*> euid=<*> tty=<*> ruser=<*> rhost=<*>.<*>.<*>.<*> user=<*>,"['auth', '0', '0', 'dovecot', 'violet', '127', '0.0.1', 'violet']"
115,mail.insect.com,Mar,4,14:16:01,mail,auth,pam_unix(dovecot:auth): authentication failure; logname= uid=0 euid=0 tty=dovecot ruser=violet rhost=127.0.0.1  user=violet,e4c34c7d,pam_unix(dovecot:<*>): authentication failure; logname= uid=<*> euid=<*> tty=<*> ruser=<*> rhost=<*>.<*>.<*>.<*> user=<*>,"['auth', '0', '0', 'dovecot', 'violet', '127', '0.0.1', 'violet']"
116,mail.insect.com,Mar,4,14:17:01,mail,CRON[12315],pam_unix(cron:session): session opened for user root by (uid=0),e962e6c3,pam_unix(cron:<*>): session opened for user <*> by (uid=<*>),"['session', 'root', '0']"
117,mail.insect.com,Mar,4,14:17:01,mail,CRON[12315],pam_unix(cron:session): session closed for user root,c61b52d9,pam_unix(cron:<*>): session closed for user <*>,"['session', 'root']"
118,mail.insect.com,Mar,4,14:39:01,mail,CRON[13039],pam_unix(cron:session): session opened for user root by (uid=0),e962e6c3,pam_unix(cron:<*>): session opened for user <*> by (uid=<*>),"['session', 'root', '0']"
119,mail.insect.com,Mar,4,14:39:01,mail,CRON[13039],pam_unix(cron:session): session closed for user root,c61b52d9,pam_unix(cron:<*>): session closed for user <*>,"['session', 'root']"
120,mail.insect.com,Mar,4,15:09:01,mail,CRON[13681],pam_unix(cron:session): session opened for user root by (uid=0),e962e6c3,pam_unix(cron:<*>): session opened for user <*> by (uid=<*>),"['session', 'root', '0']"
121,mail.insect.com,Mar,4,15:09:01,mail,CRON[13681],pam_unix(cron:session): session closed for user root,c61b52d9,pam_unix(cron:<*>): session closed for user <*>,"['session', 'root']"
122,mail.insect.com,Mar,4,15:17:01,mail,CRON[13912],pam_unix(cron:session): session opened for user root by (uid=0),e962e6c3,pam_unix(cron:<*>): session opened for user <*> by (uid=<*>),"['session', 'root', '0']"
123,mail.insect.com,Mar,4,15:17:01,mail,CRON[13912],pam_unix(cron:session): session closed for user root,c61b52d9,pam_unix(cron:<*>): session closed for user <*>,"['session', 'root']"
124,mail.insect.com,Mar,4,15:39:01,mail,CRON[14556],pam_unix(cron:session): session opened for user root by (uid=0),e962e6c3,pam_unix(cron:<*>): session opened for user <*> by (uid=<*>),"['session', 'root', '0']"
125,mail.insect.com,Mar,4,15:39:01,mail,CRON[14556],pam_unix(cron:session): session closed for user root,c61b52d9,pam_unix(cron:<*>): session closed for user <*>,"['session', 'root']"
126,mail.insect.com,Mar,4,16:09:01,mail,CRON[15135],pam_unix(cron:session): session opened for user root by (uid=0),e962e6c3,pam_unix(cron:<*>): session opened for user <*> by (uid=<*>),"['session', 'root', '0']"
127,mail.insect.com,Mar,4,16:09:01,mail,CRON[15135],pam_unix(cron:session): session closed for user root,c61b52d9,pam_unix(cron:<*>): session closed for user <*>,"['session', 'root']"
128,mail.insect.com,Mar,4,16:17:02,mail,CRON[15381],pam_unix(cron:session): session opened for user root by (uid=0),e962e6c3,pam_unix(cron:<*>): session opened for user <*> by (uid=<*>),"['session', 'root', '0']"
129,mail.insect.com,Mar,4,16:17:02,mail,CRON[15381],pam_unix(cron:session): session closed for user root,c61b52d9,pam_unix(cron:<*>): session closed for user <*>,"['session', 'root']"
130,mail.insect.com,Mar,4,16:39:02,mail,CRON[15790],pam_unix(cron:session): session opened for user root by (uid=0),e962e6c3,pam_unix(cron:<*>): session opened for user <*> by (uid=<*>),"['session', 'root', '0']"
131,mail.insect.com,Mar,4,16:39:02,mail,CRON[15790],pam_unix(cron:session): session closed for user root,c61b52d9,pam_unix(cron:<*>): session closed for user <*>,"['session', 'root']"
132,mail.insect.com,Mar,4,17:09:01,mail,CRON[16433],pam_unix(cron:session): session opened for user root by (uid=0),e962e6c3,pam_unix(cron:<*>): session opened for user <*> by (uid=<*>),"['session', 'root', '0']"
133,mail.insect.com,Mar,4,17:09:01,mail,CRON[16433],pam_unix(cron:session): session closed for user root,c61b52d9,pam_unix(cron:<*>): session closed for user <*>,"['session', 'root']"
134,mail.insect.com,Mar,4,17:17:01,mail,CRON[16682],pam_unix(cron:session): session opened for user root by (uid=0),e962e6c3,pam_unix(cron:<*>): session opened for user <*> by (uid=<*>),"['session', 'root', '0']"
135,mail.insect.com,Mar,4,17:17:01,mail,CRON[16682],pam_unix(cron:session): session closed for user root,c61b52d9,pam_unix(cron:<*>): session closed for user <*>,"['session', 'root']"
136,mail.insect.com,Mar,4,17:39:01,mail,CRON[17203],pam_unix(cron:session): session opened for user root by (uid=0),e962e6c3,pam_unix(cron:<*>): session opened for user <*> by (uid=<*>),"['session', 'root', '0']"
137,mail.insect.com,Mar,4,17:39:01,mail,CRON[17203],pam_unix(cron:session): session closed for user root,c61b52d9,pam_unix(cron:<*>): session closed for user <*>,"['session', 'root']"
138,mail.insect.com,Mar,4,18:09:01,mail,CRON[18201],pam_unix(cron:session): session opened for user root by (uid=0),e962e6c3,pam_unix(cron:<*>): session opened for user <*> by (uid=<*>),"['session', 'root', '0']"
139,mail.insect.com,Mar,4,18:09:01,mail,CRON[18201],pam_unix(cron:session): session closed for user root,c61b52d9,pam_unix(cron:<*>): session closed for user <*>,"['session', 'root']"
140,mail.insect.com,Mar,4,18:17:01,mail,CRON[18451],pam_unix(cron:session): session opened for user root by (uid=0),e962e6c3,pam_unix(cron:<*>): session opened for user <*> by (uid=<*>),"['session', 'root', '0']"
141,mail.insect.com,Mar,4,18:17:01,mail,CRON[18451],pam_unix(cron:session): session closed for user root,c61b52d9,pam_unix(cron:<*>): session closed for user <*>,"['session', 'root']"
142,mail.insect.com,Mar,4,18:39:01,mail,CRON[18927],pam_unix(cron:session): session opened for user root by (uid=0),e962e6c3,pam_unix(cron:<*>): session opened for user <*> by (uid=<*>),"['session', 'root', '0']"
143,mail.insect.com,Mar,4,18:39:01,mail,CRON[18927],pam_unix(cron:session): session closed for user root,c61b52d9,pam_unix(cron:<*>): session closed for user <*>,"['session', 'root']"
144,mail.insect.com,Mar,4,19:09:01,mail,CRON[19833],pam_unix(cron:session): session opened for user root by (uid=0),e962e6c3,pam_unix(cron:<*>): session opened for user <*> by (uid=<*>),"['session', 'root', '0']"
145,mail.insect.com,Mar,4,19:09:01,mail,CRON[19833],pam_unix(cron:session): session closed for user root,c61b52d9,pam_unix(cron:<*>): session closed for user <*>,"['session', 'root']"
146,mail.insect.com,Mar,4,19:17:01,mail,CRON[20125],pam_unix(cron:session): session opened for user root by (uid=0),e962e6c3,pam_unix(cron:<*>): session opened for user <*> by (uid=<*>),"['session', 'root', '0']"
147,mail.insect.com,Mar,4,19:17:01,mail,CRON[20125],pam_unix(cron:session): session closed for user root,c61b52d9,pam_unix(cron:<*>): session closed for user <*>,"['session', 'root']"
148,mail.insect.com,Mar,4,19:39:01,mail,CRON[20736],pam_unix(cron:session): session opened for user root by (uid=0),e962e6c3,pam_unix(cron:<*>): session opened for user <*> by (uid=<*>),"['session', 'root', '0']"
149,mail.insect.com,Mar,4,19:39:01,mail,CRON[20736],pam_unix(cron:session): session closed for user root,c61b52d9,pam_unix(cron:<*>): session closed for user <*>,"['session', 'root']"
150,mail.insect.com,Mar,4,20:09:01,mail,CRON[21560],pam_unix(cron:session): session opened for user root by (uid=0),e962e6c3,pam_unix(cron:<*>): session opened for user <*> by (uid=<*>),"['session', 'root', '0']"
151,mail.insect.com,Mar,4,20:09:01,mail,CRON[21560],pam_unix(cron:session): session closed for user root,c61b52d9,pam_unix(cron:<*>): session closed for user <*>,"['session', 'root']"
152,mail.insect.com,Mar,4,20:17:01,mail,CRON[21810],pam_unix(cron:session): session opened for user root by (uid=0),e962e6c3,pam_unix(cron:<*>): session opened for user <*> by (uid=<*>),"['session', 'root', '0']"
153,mail.insect.com,Mar,4,20:17:01,mail,CRON[21810],pam_unix(cron:session): session closed for user root,c61b52d9,pam_unix(cron:<*>): session closed for user <*>,"['session', 'root']"
154,mail.insect.com,Mar,4,20:39:01,mail,CRON[22210],pam_unix(cron:session): session opened for user root by (uid=0),e962e6c3,pam_unix(cron:<*>): session opened for user <*> by (uid=<*>),"['session', 'root', '0']"
155,mail.insect.com,Mar,4,20:39:01,mail,CRON[22210],pam_unix(cron:session): session closed for user root,c61b52d9,pam_unix(cron:<*>): session closed for user <*>,"['session', 'root']"
156,mail.insect.com,Mar,4,21:09:01,mail,CRON[22898],pam_unix(cron:session): session opened for user root by (uid=0),e962e6c3,pam_unix(cron:<*>): session opened for user <*> by (uid=<*>),"['session', 'root', '0']"
157,mail.insect.com,Mar,4,21:09:01,mail,CRON[22898],pam_unix(cron:session): session closed for user root,c61b52d9,pam_unix(cron:<*>): session closed for user <*>,"['session', 'root']"
158,mail.insect.com,Mar,4,21:17:01,mail,CRON[23164],pam_unix(cron:session): session opened for user root by (uid=0),e962e6c3,pam_unix(cron:<*>): session opened for user <*> by (uid=<*>),"['session', 'root', '0']"
159,mail.insect.com,Mar,4,21:17:01,mail,CRON[23164],pam_unix(cron:session): session closed for user root,c61b52d9,pam_unix(cron:<*>): session closed for user <*>,"['session', 'root']"
160,mail.insect.com,Mar,4,21:39:01,mail,CRON[23600],pam_unix(cron:session): session opened for user root by (uid=0),e962e6c3,pam_unix(cron:<*>): session opened for user <*> by (uid=<*>),"['session', 'root', '0']"
161,mail.insect.com,Mar,4,21:39:01,mail,CRON[23600],pam_unix(cron:session): session closed for user root,c61b52d9,pam_unix(cron:<*>): session closed for user <*>,"['session', 'root']"
162,mail.insect.com,Mar,4,22:09:01,mail,CRON[24360],pam_unix(cron:session): session opened for user root by (uid=0),e962e6c3,pam_unix(cron:<*>): session opened for user <*> by (uid=<*>),"['session', 'root', '0']"
163,mail.insect.com,Mar,4,22:09:01,mail,CRON[24360],pam_unix(cron:session): session closed for user root,c61b52d9,pam_unix(cron:<*>): session closed for user <*>,"['session', 'root']"
164,mail.insect.com,Mar,4,22:17:01,mail,CRON[24598],pam_unix(cron:session): session opened for user root by (uid=0),e962e6c3,pam_unix(cron:<*>): session opened for user <*> by (uid=<*>),"['session', 'root', '0']"
165,mail.insect.com,Mar,4,22:17:01,mail,CRON[24598],pam_unix(cron:session): session closed for user root,c61b52d9,pam_unix(cron:<*>): session closed for user <*>,"['session', 'root']"
166,mail.insect.com,Mar,4,22:39:01,mail,CRON[24868],pam_unix(cron:session): session opened for user root by (uid=0),e962e6c3,pam_unix(cron:<*>): session opened for user <*> by (uid=<*>),"['session', 'root', '0']"
167,mail.insect.com,Mar,4,22:39:01,mail,CRON[24868],pam_unix(cron:session): session closed for user root,c61b52d9,pam_unix(cron:<*>): session closed for user <*>,"['session', 'root']"
168,mail.insect.com,Mar,4,23:09:01,mail,CRON[25174],pam_unix(cron:session): session opened for user root by (uid=0),e962e6c3,pam_unix(cron:<*>): session opened for user <*> by (uid=<*>),"['session', 'root', '0']"
169,mail.insect.com,Mar,4,23:09:01,mail,CRON[25174],pam_unix(cron:session): session closed for user root,c61b52d9,pam_unix(cron:<*>): session closed for user <*>,"['session', 'root']"
170,mail.insect.com,Mar,4,23:17:01,mail,CRON[25296],pam_unix(cron:session): session opened for user root by (uid=0),e962e6c3,pam_unix(cron:<*>): session opened for user <*> by (uid=<*>),"['session', 'root', '0']"
171,mail.insect.com,Mar,4,23:17:01,mail,CRON[25296],pam_unix(cron:session): session closed for user root,c61b52d9,pam_unix(cron:<*>): session closed for user <*>,"['session', 'root']"
172,mail.insect.com,Mar,4,23:39:01,mail,CRON[25545],pam_unix(cron:session): session opened for user root by (uid=0),e962e6c3,pam_unix(cron:<*>): session opened for user <*> by (uid=<*>),"['session', 'root', '0']"
173,mail.insect.com,Mar,4,23:39:01,mail,CRON[25545],pam_unix(cron:session): session closed for user root,c61b52d9,pam_unix(cron:<*>): session closed for user <*>,"['session', 'root']"
174,mail.insect.com,Mar,5,00:09:01,mail,CRON[26001],pam_unix(cron:session): session opened for user root by (uid=0),e962e6c3,pam_unix(cron:<*>): session opened for user <*> by (uid=<*>),"['session', 'root', '0']"
175,mail.insect.com,Mar,5,00:09:01,mail,CRON[26001],pam_unix(cron:session): session closed for user root,c61b52d9,pam_unix(cron:<*>): session closed for user <*>,"['session', 'root']"
176,mail.insect.com,Mar,5,00:17:01,mail,CRON[26175],pam_unix(cron:session): session opened for user root by (uid=0),e962e6c3,pam_unix(cron:<*>): session opened for user <*> by (uid=<*>),"['session', 'root', '0']"
177,mail.insect.com,Mar,5,00:17:01,mail,CRON[26175],pam_unix(cron:session): session closed for user root,c61b52d9,pam_unix(cron:<*>): session closed for user <*>,"['session', 'root']"
178,mail.insect.com,Mar,5,00:39:01,mail,CRON[26400],pam_unix(cron:session): session opened for user root by (uid=0),e962e6c3,pam_unix(cron:<*>): session opened for user <*> by (uid=<*>),"['session', 'root', '0']"
179,mail.insect.com,Mar,5,00:39:01,mail,CRON[26400],pam_unix(cron:session): session closed for user root,c61b52d9,pam_unix(cron:<*>): session closed for user <*>,"['session', 'root']"
180,mail.insect.com,Mar,5,01:09:01,mail,CRON[26717],pam_unix(cron:session): session opened for user root by (uid=0),e962e6c3,pam_unix(cron:<*>): session opened for user <*> by (uid=<*>),"['session', 'root', '0']"
181,mail.insect.com,Mar,5,01:09:01,mail,CRON[26717],pam_unix(cron:session): session closed for user root,c61b52d9,pam_unix(cron:<*>): session closed for user <*>,"['session', 'root']"
182,mail.insect.com,Mar,5,01:17:01,mail,CRON[26849],pam_unix(cron:session): session opened for user root by (uid=0),e962e6c3,pam_unix(cron:<*>): session opened for user <*> by (uid=<*>),"['session', 'root', '0']"
183,mail.insect.com,Mar,5,01:17:01,mail,CRON[26849],pam_unix(cron:session): session closed for user root,c61b52d9,pam_unix(cron:<*>): session closed for user <*>,"['session', 'root']"
184,mail.insect.com,Mar,5,01:39:01,mail,CRON[27058],pam_unix(cron:session): session opened for user root by (uid=0),e962e6c3,pam_unix(cron:<*>): session opened for user <*> by (uid=<*>),"['session', 'root', '0']"
185,mail.insect.com,Mar,5,01:39:01,mail,CRON[27058],pam_unix(cron:session): session closed for user root,c61b52d9,pam_unix(cron:<*>): session closed for user <*>,"['session', 'root']"
186,mail.insect.com,Mar,5,02:09:01,mail,CRON[27317],pam_unix(cron:session): session opened for user root by (uid=0),e962e6c3,pam_unix(cron:<*>): session opened for user <*> by (uid=<*>),"['session', 'root', '0']"
187,mail.insect.com,Mar,5,02:09:01,mail,CRON[27317],pam_unix(cron:session): session closed for user root,c61b52d9,pam_unix(cron:<*>): session closed for user <*>,"['session', 'root']"
188,mail.insect.com,Mar,5,02:17:01,mail,CRON[27440],pam_unix(cron:session): session opened for user root by (uid=0),e962e6c3,pam_unix(cron:<*>): session opened for user <*> by (uid=<*>),"['session', 'root', '0']"
189,mail.insect.com,Mar,5,02:17:01,mail,CRON[27440],pam_unix(cron:session): session closed for user root,c61b52d9,pam_unix(cron:<*>): session closed for user <*>,"['session', 'root']"
190,mail.insect.com,Mar,5,02:39:01,mail,CRON[27485],pam_unix(cron:session): session opened for user root by (uid=0),e962e6c3,pam_unix(cron:<*>): session opened for user <*> by (uid=<*>),"['session', 'root', '0']"
191,mail.insect.com,Mar,5,02:39:01,mail,CRON[27485],pam_unix(cron:session): session closed for user root,c61b52d9,pam_unix(cron:<*>): session closed for user <*>,"['session', 'root']"
192,mail.insect.com,Mar,5,03:09:02,mail,CRON[27599],pam_unix(cron:session): session opened for user root by (uid=0),e962e6c3,pam_unix(cron:<*>): session opened for user <*> by (uid=<*>),"['session', 'root', '0']"
193,mail.insect.com,Mar,5,03:09:02,mail,CRON[27599],pam_unix(cron:session): session closed for user root,c61b52d9,pam_unix(cron:<*>): session closed for user <*>,"['session', 'root']"
194,mail.insect.com,Mar,5,03:17:01,mail,CRON[27674],pam_unix(cron:session): session opened for user root by (uid=0),e962e6c3,pam_unix(cron:<*>): session opened for user <*> by (uid=<*>),"['session', 'root', '0']"
195,mail.insect.com,Mar,5,03:17:01,mail,CRON[27674],pam_unix(cron:session): session closed for user root,c61b52d9,pam_unix(cron:<*>): session closed for user <*>,"['session', 'root']"
196,mail.insect.com,Mar,5,03:39:01,mail,CRON[27718],pam_unix(cron:session): session opened for user root by (uid=0),e962e6c3,pam_unix(cron:<*>): session opened for user <*> by (uid=<*>),"['session', 'root', '0']"
197,mail.insect.com,Mar,5,03:39:01,mail,CRON[27718],pam_unix(cron:session): session closed for user root,c61b52d9,pam_unix(cron:<*>): session closed for user <*>,"['session', 'root']"
198,mail.insect.com,Mar,5,04:09:01,mail,CRON[27828],pam_unix(cron:session): session opened for user root by (uid=0),e962e6c3,pam_unix(cron:<*>): session opened for user <*> by (uid=<*>),"['session', 'root', '0']"
199,mail.insect.com,Mar,5,04:09:01,mail,CRON[27828],pam_unix(cron:session): session closed for user root,c61b52d9,pam_unix(cron:<*>): session closed for user <*>,"['session', 'root']"
200,mail.insect.com,Mar,5,04:17:01,mail,CRON[27913],pam_unix(cron:session): session opened for user root by (uid=0),e962e6c3,pam_unix(cron:<*>): session opened for user <*> by (uid=<*>),"['session', 'root', '0']"
201,mail.insect.com,Mar,5,04:17:01,mail,CRON[27913],pam_unix(cron:session): session closed for user root,c61b52d9,pam_unix(cron:<*>): session closed for user <*>,"['session', 'root']"
202,mail.insect.com,Mar,5,04:39:01,mail,CRON[27944],pam_unix(cron:session): session opened for user root by (uid=0),e962e6c3,pam_unix(cron:<*>): session opened for user <*> by (uid=<*>),"['session', 'root', '0']"
203,mail.insect.com,Mar,5,04:39:01,mail,CRON[27944],pam_unix(cron:session): session closed for user root,c61b52d9,pam_unix(cron:<*>): session closed for user <*>,"['session', 'root']"
204,mail.insect.com,Mar,5,05:09:01,mail,CRON[28078],pam_unix(cron:session): session opened for user root by (uid=0),e962e6c3,pam_unix(cron:<*>): session opened for user <*> by (uid=<*>),"['session', 'root', '0']"
205,mail.insect.com,Mar,5,05:09:01,mail,CRON[28078],pam_unix(cron:session): session closed for user root,c61b52d9,pam_unix(cron:<*>): session closed for user <*>,"['session', 'root']"
206,mail.insect.com,Mar,5,05:17:01,mail,CRON[28154],pam_unix(cron:session): session opened for user root by (uid=0),e962e6c3,pam_unix(cron:<*>): session opened for user <*> by (uid=<*>),"['session', 'root', '0']"
207,mail.insect.com,Mar,5,05:17:01,mail,CRON[28154],pam_unix(cron:session): session closed for user root,c61b52d9,pam_unix(cron:<*>): session closed for user <*>,"['session', 'root']"
208,mail.insect.com,Mar,5,05:39:01,mail,CRON[28193],pam_unix(cron:session): session opened for user root by (uid=0),e962e6c3,pam_unix(cron:<*>): session opened for user <*> by (uid=<*>),"['session', 'root', '0']"
209,mail.insect.com,Mar,5,05:39:01,mail,CRON[28193],pam_unix(cron:session): session closed for user root,c61b52d9,pam_unix(cron:<*>): session closed for user <*>,"['session', 'root']"
210,mail.insect.com,Mar,5,06:09:01,mail,CRON[28357],pam_unix(cron:session): session opened for user root by (uid=0),e962e6c3,pam_unix(cron:<*>): session opened for user <*> by (uid=<*>),"['session', 'root', '0']"
211,mail.insect.com,Mar,5,06:09:01,mail,CRON[28357],pam_unix(cron:session): session closed for user root,c61b52d9,pam_unix(cron:<*>): session closed for user <*>,"['session', 'root']"
212,mail.insect.com,Mar,5,06:17:01,mail,CRON[28438],pam_unix(cron:session): session opened for user root by (uid=0),e962e6c3,pam_unix(cron:<*>): session opened for user <*> by (uid=<*>),"['session', 'root', '0']"
213,mail.insect.com,Mar,5,06:17:01,mail,CRON[28438],pam_unix(cron:session): session closed for user root,c61b52d9,pam_unix(cron:<*>): session closed for user <*>,"['session', 'root']"
214,mail.insect.com,Mar,5,06:25:01,mail,CRON[28458],pam_unix(cron:session): session opened for user root by (uid=0),e962e6c3,pam_unix(cron:<*>): session opened for user <*> by (uid=<*>),"['session', 'root', '0']"
215,mail.insect.com,Mar,5,06:29:27,mail,CRON[28458],pam_unix(cron:session): session closed for user root,c61b52d9,pam_unix(cron:<*>): session closed for user <*>,"['session', 'root']"
216,mail.insect.com,Mar,5,06:39:02,mail,CRON[28735],pam_unix(cron:session): session opened for user root by (uid=0),e962e6c3,pam_unix(cron:<*>): session opened for user <*> by (uid=<*>),"['session', 'root', '0']"
217,mail.insect.com,Mar,5,06:39:02,mail,CRON[28735],pam_unix(cron:session): session closed for user root,c61b52d9,pam_unix(cron:<*>): session closed for user <*>,"['session', 'root']"
218,mail.insect.com,Mar,5,07:09:01,mail,CRON[28980],pam_unix(cron:session): session opened for user root by (uid=0),e962e6c3,pam_unix(cron:<*>): session opened for user <*> by (uid=<*>),"['session', 'root', '0']"
219,mail.insect.com,Mar,5,07:09:01,mail,CRON[28980],pam_unix(cron:session): session closed for user root,c61b52d9,pam_unix(cron:<*>): session closed for user <*>,"['session', 'root']"
220,mail.insect.com,Mar,5,07:17:01,mail,CRON[29118],pam_unix(cron:session): session opened for user root by (uid=0),e962e6c3,pam_unix(cron:<*>): session opened for user <*> by (uid=<*>),"['session', 'root', '0']"
221,mail.insect.com,Mar,5,07:17:01,mail,CRON[29118],pam_unix(cron:session): session closed for user root,c61b52d9,pam_unix(cron:<*>): session closed for user <*>,"['session', 'root']"
222,mail.insect.com,Mar,5,07:39:01,mail,CRON[29536],pam_unix(cron:session): session opened for user root by (uid=0),e962e6c3,pam_unix(cron:<*>): session opened for user <*> by (uid=<*>),"['session', 'root', '0']"
223,mail.insect.com,Mar,5,07:39:01,mail,CRON[29536],pam_unix(cron:session): session closed for user root,c61b52d9,pam_unix(cron:<*>): session closed for user <*>,"['session', 'root']"
224,mail.insect.com,Mar,5,08:09:01,mail,CRON[30323],pam_unix(cron:session): session opened for user root by (uid=0),e962e6c3,pam_unix(cron:<*>): session opened for user <*> by (uid=<*>),"['session', 'root', '0']"
225,mail.insect.com,Mar,5,08:09:01,mail,CRON[30323],pam_unix(cron:session): session closed for user root,c61b52d9,pam_unix(cron:<*>): session closed for user <*>,"['session', 'root']"
226,mail.insect.com,Mar,5,08:17:01,mail,CRON[30595],pam_unix(cron:session): session opened for user root by (uid=0),e962e6c3,pam_unix(cron:<*>): session opened for user <*> by (uid=<*>),"['session', 'root', '0']"
227,mail.insect.com,Mar,5,08:17:01,mail,CRON[30595],pam_unix(cron:session): session closed for user root,c61b52d9,pam_unix(cron:<*>): session closed for user <*>,"['session', 'root']"
228,mail.insect.com,Mar,5,08:39:01,mail,CRON[31040],pam_unix(cron:session): session opened for user root by (uid=0),e962e6c3,pam_unix(cron:<*>): session opened for user <*> by (uid=<*>),"['session', 'root', '0']"
229,mail.insect.com,Mar,5,08:39:01,mail,CRON[31040],pam_unix(cron:session): session closed for user root,c61b52d9,pam_unix(cron:<*>): session closed for user <*>,"['session', 'root']"
230,mail.insect.com,Mar,5,09:09:01,mail,CRON[31739],pam_unix(cron:session): session opened for user root by (uid=0),e962e6c3,pam_unix(cron:<*>): session opened for user <*> by (uid=<*>),"['session', 'root', '0']"
231,mail.insect.com,Mar,5,09:09:01,mail,CRON[31739],pam_unix(cron:session): session closed for user root,c61b52d9,pam_unix(cron:<*>): session closed for user <*>,"['session', 'root']"
232,mail.insect.com,Mar,5,09:17:01,mail,CRON[31978],pam_unix(cron:session): session opened for user root by (uid=0),e962e6c3,pam_unix(cron:<*>): session opened for user <*> by (uid=<*>),"['session', 'root', '0']"
233,mail.insect.com,Mar,5,09:17:01,mail,CRON[31978],pam_unix(cron:session): session closed for user root,c61b52d9,pam_unix(cron:<*>): session closed for user <*>,"['session', 'root']"
234,mail.insect.com,Mar,5,09:39:01,mail,CRON[32342],pam_unix(cron:session): session opened for user root by (uid=0),e962e6c3,pam_unix(cron:<*>): session opened for user <*> by (uid=<*>),"['session', 'root', '0']"
235,mail.insect.com,Mar,5,09:39:01,mail,CRON[32342],pam_unix(cron:session): session closed for user root,c61b52d9,pam_unix(cron:<*>): session closed for user <*>,"['session', 'root']"
236,mail.insect.com,Mar,5,10:09:01,mail,CRON[689],pam_unix(cron:session): session opened for user root by (uid=0),e962e6c3,pam_unix(cron:<*>): session opened for user <*> by (uid=<*>),"['session', 'root', '0']"
237,mail.insect.com,Mar,5,10:09:01,mail,CRON[689],pam_unix(cron:session): session closed for user root,c61b52d9,pam_unix(cron:<*>): session closed for user <*>,"['session', 'root']"
238,mail.insect.com,Mar,5,10:17:01,mail,CRON[922],pam_unix(cron:session): session opened for user root by (uid=0),e962e6c3,pam_unix(cron:<*>): session opened for user <*> by (uid=<*>),"['session', 'root', '0']"
239,mail.insect.com,Mar,5,10:17:01,mail,CRON[922],pam_unix(cron:session): session closed for user root,c61b52d9,pam_unix(cron:<*>): session closed for user <*>,"['session', 'root']"
240,mail.insect.com,Mar,5,10:39:01,mail,CRON[1422],pam_unix(cron:session): session opened for user root by (uid=0),e962e6c3,pam_unix(cron:<*>): session opened for user <*> by (uid=<*>),"['session', 'root', '0']"
241,mail.insect.com,Mar,5,10:39:01,mail,CRON[1422],pam_unix(cron:session): session closed for user root,c61b52d9,pam_unix(cron:<*>): session closed for user <*>,"['session', 'root']"
242,mail.insect.com,Mar,5,11:09:01,mail,CRON[2172],pam_unix(cron:session): session opened for user root by (uid=0),e962e6c3,pam_unix(cron:<*>): session opened for user <*> by (uid=<*>),"['session', 'root', '0']"
243,mail.insect.com,Mar,5,11:09:01,mail,CRON[2172],pam_unix(cron:session): session closed for user root,c61b52d9,pam_unix(cron:<*>): session closed for user <*>,"['session', 'root']"
244,mail.insect.com,Mar,5,11:17:01,mail,CRON[2422],pam_unix(cron:session): session opened for user root by (uid=0),e962e6c3,pam_unix(cron:<*>): session opened for user <*> by (uid=<*>),"['session', 'root', '0']"
245,mail.insect.com,Mar,5,11:17:01,mail,CRON[2422],pam_unix(cron:session): session closed for user root,c61b52d9,pam_unix(cron:<*>): session closed for user <*>,"['session', 'root']"
246,mail.insect.com,Mar,5,11:20:01,mail,CRON[2512],pam_unix(cron:session): session opened for user root by (uid=0),e962e6c3,pam_unix(cron:<*>): session opened for user <*> by (uid=<*>),"['session', 'root', '0']"
247,mail.insect.com,Mar,5,11:37:00,mail,CRON[2512],pam_unix(cron:session): session closed for user root,c61b52d9,pam_unix(cron:<*>): session closed for user <*>,"['session', 'root']"
248,mail.insect.com,Mar,5,11:39:01,mail,CRON[3130],pam_unix(cron:session): session opened for user root by (uid=0),e962e6c3,pam_unix(cron:<*>): session opened for user <*> by (uid=<*>),"['session', 'root', '0']"
249,mail.insect.com,Mar,5,11:39:01,mail,CRON[3130],pam_unix(cron:session): session closed for user root,c61b52d9,pam_unix(cron:<*>): session closed for user <*>,"['session', 'root']"
250,mail.insect.com,Mar,5,12:09:01,mail,CRON[3621],pam_unix(cron:session): session opened for user root by (uid=0),e962e6c3,pam_unix(cron:<*>): session opened for user <*> by (uid=<*>),"['session', 'root', '0']"
251,mail.insect.com,Mar,5,12:09:01,mail,CRON[3621],pam_unix(cron:session): session closed for user root,c61b52d9,pam_unix(cron:<*>): session closed for user <*>,"['session', 'root']"
252,mail.insect.com,Mar,5,12:17:01,mail,CRON[3799],pam_unix(cron:session): session opened for user root by (uid=0),e962e6c3,pam_unix(cron:<*>): session opened for user <*> by (uid=<*>),"['session', 'root', '0']"
253,mail.insect.com,Mar,5,12:17:01,mail,CRON[3799],pam_unix(cron:session): session closed for user root,c61b52d9,pam_unix(cron:<*>): session closed for user <*>,"['session', 'root']"
254,mail.insect.com,Mar,5,12:39:01,mail,CRON[4225],pam_unix(cron:session): session opened for user root by (uid=0),e962e6c3,pam_unix(cron:<*>): session opened for user <*> by (uid=<*>),"['session', 'root', '0']"
255,mail.insect.com,Mar,5,12:39:01,mail,CRON[4225],pam_unix(cron:session): session closed for user root,c61b52d9,pam_unix(cron:<*>): session closed for user <*>,"['session', 'root']"
256,mail.insect.com,Mar,5,13:09:01,mail,CRON[4929],pam_unix(cron:session): session opened for user root by (uid=0),e962e6c3,pam_unix(cron:<*>): session opened for user <*> by (uid=<*>),"['session', 'root', '0']"
257,mail.insect.com,Mar,5,13:09:01,mail,CRON[4929],pam_unix(cron:session): session closed for user root,c61b52d9,pam_unix(cron:<*>): session closed for user <*>,"['session', 'root']"
258,mail.insect.com,Mar,5,13:17:01,mail,CRON[5140],pam_unix(cron:session): session opened for user root by (uid=0),e962e6c3,pam_unix(cron:<*>): session opened for user <*> by (uid=<*>),"['session', 'root', '0']"
259,mail.insect.com,Mar,5,13:17:01,mail,CRON[5140],pam_unix(cron:session): session closed for user root,c61b52d9,pam_unix(cron:<*>): session closed for user <*>,"['session', 'root']"
260,mail.insect.com,Mar,5,13:39:02,mail,CRON[5684],pam_unix(cron:session): session opened for user root by (uid=0),e962e6c3,pam_unix(cron:<*>): session opened for user <*> by (uid=<*>),"['session', 'root', '0']"
261,mail.insect.com,Mar,5,13:39:02,mail,CRON[5684],pam_unix(cron:session): session closed for user root,c61b52d9,pam_unix(cron:<*>): session closed for user <*>,"['session', 'root']"
262,mail.insect.com,Mar,5,14:09:01,mail,CRON[6589],pam_unix(cron:session): session opened for user root by (uid=0),e962e6c3,pam_unix(cron:<*>): session opened for user <*> by (uid=<*>),"['session', 'root', '0']"
263,mail.insect.com,Mar,5,14:09:01,mail,CRON[6589],pam_unix(cron:session): session closed for user root,c61b52d9,pam_unix(cron:<*>): session closed for user <*>,"['session', 'root']"
264,mail.insect.com,Mar,5,14:17:01,mail,CRON[6897],pam_unix(cron:session): session opened for user root by (uid=0),e962e6c3,pam_unix(cron:<*>): session opened for user <*> by (uid=<*>),"['session', 'root', '0']"
265,mail.insect.com,Mar,5,14:17:01,mail,CRON[6897],pam_unix(cron:session): session closed for user root,c61b52d9,pam_unix(cron:<*>): session closed for user <*>,"['session', 'root']"
266,mail.insect.com,Mar,5,14:39:01,mail,CRON[7208],pam_unix(cron:session): session opened for user root by (uid=0),e962e6c3,pam_unix(cron:<*>): session opened for user <*> by (uid=<*>),"['session', 'root', '0']"
267,mail.insect.com,Mar,5,14:39:01,mail,CRON[7208],pam_unix(cron:session): session closed for user root,c61b52d9,pam_unix(cron:<*>): session closed for user <*>,"['session', 'root']"
268,mail.insect.com,Mar,5,15:09:01,mail,CRON[7635],pam_unix(cron:session): session opened for user root by (uid=0),e962e6c3,pam_unix(cron:<*>): session opened for user <*> by (uid=<*>),"['session', 'root', '0']"
269,mail.insect.com,Mar,5,15:09:01,mail,CRON[7635],pam_unix(cron:session): session closed for user root,c61b52d9,pam_unix(cron:<*>): session closed for user <*>,"['session', 'root']"
270,mail.insect.com,Mar,5,15:17:01,mail,CRON[7802],pam_unix(cron:session): session opened for user root by (uid=0),e962e6c3,pam_unix(cron:<*>): session opened for user <*> by (uid=<*>),"['session', 'root', '0']"
271,mail.insect.com,Mar,5,15:17:01,mail,CRON[7802],pam_unix(cron:session): session closed for user root,c61b52d9,pam_unix(cron:<*>): session closed for user <*>,"['session', 'root']"
272,mail.insect.com,Mar,5,15:39:01,mail,CRON[8102],pam_unix(cron:session): session opened for user root by (uid=0),e962e6c3,pam_unix(cron:<*>): session opened for user <*> by (uid=<*>),"['session', 'root', '0']"
273,mail.insect.com,Mar,5,15:39:01,mail,CRON[8102],pam_unix(cron:session): session closed for user root,c61b52d9,pam_unix(cron:<*>): session closed for user <*>,"['session', 'root']"
274,mail.insect.com,Mar,5,16:09:01,mail,CRON[8809],pam_unix(cron:session): session opened for user root by (uid=0),e962e6c3,pam_unix(cron:<*>): session opened for user <*> by (uid=<*>),"['session', 'root', '0']"
275,mail.insect.com,Mar,5,16:09:01,mail,CRON[8809],pam_unix(cron:session): session closed for user root,c61b52d9,pam_unix(cron:<*>): session closed for user <*>,"['session', 'root']"
276,mail.insect.com,Mar,5,16:17:01,mail,CRON[9030],pam_unix(cron:session): session opened for user root by (uid=0),e962e6c3,pam_unix(cron:<*>): session opened for user <*> by (uid=<*>),"['session', 'root', '0']"
277,mail.insect.com,Mar,5,16:17:01,mail,CRON[9030],pam_unix(cron:session): session closed for user root,c61b52d9,pam_unix(cron:<*>): session closed for user <*>,"['session', 'root']"
278,mail.insect.com,Mar,5,16:36:14,mail,auth,pam_unix(dovecot:auth): authentication failure; logname= uid=0 euid=0 tty=dovecot ruser=les rhost=127.0.0.1  user=les,e4c34c7d,pam_unix(dovecot:<*>): authentication failure; logname= uid=<*> euid=<*> tty=<*> ruser=<*> rhost=<*>.<*>.<*>.<*> user=<*>,"['auth', '0', '0', 'dovecot', 'les', '127', '0.0.1', 'les']"
279,mail.insect.com,Mar,5,16:36:22,mail,auth,pam_unix(dovecot:auth): authentication failure; logname= uid=0 euid=0 tty=dovecot ruser=les rhost=127.0.0.1  user=les,e4c34c7d,pam_unix(dovecot:<*>): authentication failure; logname= uid=<*> euid=<*> tty=<*> ruser=<*> rhost=<*>.<*>.<*>.<*> user=<*>,"['auth', '0', '0', 'dovecot', 'les', '127', '0.0.1', 'les']"
280,mail.insect.com,Mar,5,16:39:01,mail,CRON[9689],pam_unix(cron:session): session opened for user root by (uid=0),e962e6c3,pam_unix(cron:<*>): session opened for user <*> by (uid=<*>),"['session', 'root', '0']"
281,mail.insect.com,Mar,5,16:39:01,mail,CRON[9689],pam_unix(cron:session): session closed for user root,c61b52d9,pam_unix(cron:<*>): session closed for user <*>,"['session', 'root']"
282,mail.insect.com,Mar,5,17:09:01,mail,CRON[10622],pam_unix(cron:session): session opened for user root by (uid=0),e962e6c3,pam_unix(cron:<*>): session opened for user <*> by (uid=<*>),"['session', 'root', '0']"
283,mail.insect.com,Mar,5,17:09:01,mail,CRON[10622],pam_unix(cron:session): session closed for user root,c61b52d9,pam_unix(cron:<*>): session closed for user <*>,"['session', 'root']"
284,mail.insect.com,Mar,5,17:17:01,mail,CRON[10852],pam_unix(cron:session): session opened for user root by (uid=0),e962e6c3,pam_unix(cron:<*>): session opened for user <*> by (uid=<*>),"['session', 'root', '0']"
285,mail.insect.com,Mar,5,17:17:01,mail,CRON[10852],pam_unix(cron:session): session closed for user root,c61b52d9,pam_unix(cron:<*>): session closed for user <*>,"['session', 'root']"
286,mail.insect.com,Mar,5,17:39:01,mail,CRON[11337],pam_unix(cron:session): session opened for user root by (uid=0),e962e6c3,pam_unix(cron:<*>): session opened for user <*> by (uid=<*>),"['session', 'root', '0']"
287,mail.insect.com,Mar,5,17:39:01,mail,CRON[11337],pam_unix(cron:session): session closed for user root,c61b52d9,pam_unix(cron:<*>): session closed for user <*>,"['session', 'root']"
288,mail.insect.com,Mar,5,18:09:01,mail,CRON[11979],pam_unix(cron:session): session opened for user root by (uid=0),e962e6c3,pam_unix(cron:<*>): session opened for user <*> by (uid=<*>),"['session', 'root', '0']"
289,mail.insect.com,Mar,5,18:09:01,mail,CRON[11979],pam_unix(cron:session): session closed for user root,c61b52d9,pam_unix(cron:<*>): session closed for user <*>,"['session', 'root']"
290,mail.insect.com,Mar,5,18:17:01,mail,CRON[12139],pam_unix(cron:session): session opened for user root by (uid=0),e962e6c3,pam_unix(cron:<*>): session opened for user <*> by (uid=<*>),"['session', 'root', '0']"
291,mail.insect.com,Mar,5,18:17:01,mail,CRON[12139],pam_unix(cron:session): session closed for user root,c61b52d9,pam_unix(cron:<*>): session closed for user <*>,"['session', 'root']"
292,mail.insect.com,Mar,5,18:39:01,mail,CRON[12449],pam_unix(cron:session): session opened for user root by (uid=0),e962e6c3,pam_unix(cron:<*>): session opened for user <*> by (uid=<*>),"['session', 'root', '0']"
293,mail.insect.com,Mar,5,18:39:01,mail,CRON[12449],pam_unix(cron:session): session closed for user root,c61b52d9,pam_unix(cron:<*>): session closed for user <*>,"['session', 'root']"
294,mail.insect.com,Mar,5,19:09:01,mail,CRON[13042],pam_unix(cron:session): session opened for user root by (uid=0),e962e6c3,pam_unix(cron:<*>): session opened for user <*> by (uid=<*>),"['session', 'root', '0']"
295,mail.insect.com,Mar,5,19:09:01,mail,CRON[13042],pam_unix(cron:session): session closed for user root,c61b52d9,pam_unix(cron:<*>): session closed for user <*>,"['session', 'root']"
296,mail.insect.com,Mar,5,19:17:01,mail,CRON[13272],pam_unix(cron:session): session opened for user root by (uid=0),e962e6c3,pam_unix(cron:<*>): session opened for user <*> by (uid=<*>),"['session', 'root', '0']"
297,mail.insect.com,Mar,5,19:17:01,mail,CRON[13272],pam_unix(cron:session): session closed for user root,c61b52d9,pam_unix(cron:<*>): session closed for user <*>,"['session', 'root']"
298,mail.insect.com,Mar,5,19:25:40,mail,auth,pam_unix(dovecot:auth): authentication failure; logname= uid=0 euid=0 tty=dovecot ruser=marcelle rhost=127.0.0.1  user=marcelle,e4c34c7d,pam_unix(dovecot:<*>): authentication failure; logname= uid=<*> euid=<*> tty=<*> ruser=<*> rhost=<*>.<*>.<*>.<*> user=<*>,"['auth', '0', '0', 'dovecot', 'marcelle', '127', '0.0.1', 'marcelle']"
299,mail.insect.com,Mar,5,19:25:48,mail,auth,pam_unix(dovecot:auth): authentication failure; logname= uid=0 euid=0 tty=dovecot ruser=marcelle rhost=127.0.0.1  user=marcelle,e4c34c7d,pam_unix(dovecot:<*>): authentication failure; logname= uid=<*> euid=<*> tty=<*> ruser=<*> rhost=<*>.<*>.<*>.<*> user=<*>,"['auth', '0', '0', 'dovecot', 'marcelle', '127', '0.0.1', 'marcelle']"
300,mail.insect.com,Mar,5,19:39:01,mail,CRON[13795],pam_unix(cron:session): session opened for user root by (uid=0),e962e6c3,pam_unix(cron:<*>): session opened for user <*> by (uid=<*>),"['session', 'root', '0']"
301,mail.insect.com,Mar,5,19:39:01,mail,CRON[13795],pam_unix(cron:session): session closed for user root,c61b52d9,pam_unix(cron:<*>): session closed for user <*>,"['session', 'root']"
302,mail.insect.com,Mar,5,20:09:01,mail,CRON[14519],pam_unix(cron:session): session opened for user root by (uid=0),e962e6c3,pam_unix(cron:<*>): session opened for user <*> by (uid=<*>),"['session', 'root', '0']"
303,mail.insect.com,Mar,5,20:09:01,mail,CRON[14519],pam_unix(cron:session): session closed for user root,c61b52d9,pam_unix(cron:<*>): session closed for user <*>,"['session', 'root']"
304,mail.insect.com,Mar,5,20:17:01,mail,CRON[14756],pam_unix(cron:session): session opened for user root by (uid=0),e962e6c3,pam_unix(cron:<*>): session opened for user <*> by (uid=<*>),"['session', 'root', '0']"
305,mail.insect.com,Mar,5,20:17:01,mail,CRON[14756],pam_unix(cron:session): session closed for user root,c61b52d9,pam_unix(cron:<*>): session closed for user <*>,"['session', 'root']"
306,mail.insect.com,Mar,5,20:39:01,mail,CRON[15339],pam_unix(cron:session): session opened for user root by (uid=0),e962e6c3,pam_unix(cron:<*>): session opened for user <*> by (uid=<*>),"['session', 'root', '0']"
307,mail.insect.com,Mar,5,20:39:01,mail,CRON[15339],pam_unix(cron:session): session closed for user root,c61b52d9,pam_unix(cron:<*>): session closed for user <*>,"['session', 'root']"
308,mail.insect.com,Mar,5,21:09:01,mail,CRON[15900],pam_unix(cron:session): session opened for user root by (uid=0),e962e6c3,pam_unix(cron:<*>): session opened for user <*> by (uid=<*>),"['session', 'root', '0']"
309,mail.insect.com,Mar,5,21:09:01,mail,CRON[15900],pam_unix(cron:session): session closed for user root,c61b52d9,pam_unix(cron:<*>): session closed for user <*>,"['session', 'root']"
310,mail.insect.com,Mar,5,21:17:01,mail,CRON[16058],pam_unix(cron:session): session opened for user root by (uid=0),e962e6c3,pam_unix(cron:<*>): session opened for user <*> by (uid=<*>),"['session', 'root', '0']"
311,mail.insect.com,Mar,5,21:17:01,mail,CRON[16058],pam_unix(cron:session): session closed for user root,c61b52d9,pam_unix(cron:<*>): session closed for user <*>,"['session', 'root']"
312,mail.insect.com,Mar,5,21:39:01,mail,CRON[16510],pam_unix(cron:session): session opened for user root by (uid=0),e962e6c3,pam_unix(cron:<*>): session opened for user <*> by (uid=<*>),"['session', 'root', '0']"
313,mail.insect.com,Mar,5,21:39:01,mail,CRON[16510],pam_unix(cron:session): session closed for user root,c61b52d9,pam_unix(cron:<*>): session closed for user <*>,"['session', 'root']"
314,mail.insect.com,Mar,5,22:09:01,mail,CRON[17274],pam_unix(cron:session): session opened for user root by (uid=0),e962e6c3,pam_unix(cron:<*>): session opened for user <*> by (uid=<*>),"['session', 'root', '0']"
315,mail.insect.com,Mar,5,22:09:01,mail,CRON[17274],pam_unix(cron:session): session closed for user root,c61b52d9,pam_unix(cron:<*>): session closed for user <*>,"['session', 'root']"
316,mail.insect.com,Mar,5,22:17:01,mail,CRON[17491],pam_unix(cron:session): session opened for user root by (uid=0),e962e6c3,pam_unix(cron:<*>): session opened for user <*> by (uid=<*>),"['session', 'root', '0']"
317,mail.insect.com,Mar,5,22:17:01,mail,CRON[17491],pam_unix(cron:session): session closed for user root,c61b52d9,pam_unix(cron:<*>): session closed for user <*>,"['session', 'root']"
318,mail.insect.com,Mar,5,22:31:35,mail,auth,pam_unix(dovecot:auth): authentication failure; logname= uid=0 euid=0 tty=dovecot ruser=violet rhost=127.0.0.1  user=violet,e4c34c7d,pam_unix(dovecot:<*>): authentication failure; logname= uid=<*> euid=<*> tty=<*> ruser=<*> rhost=<*>.<*>.<*>.<*> user=<*>,"['auth', '0', '0', 'dovecot', 'violet', '127', '0.0.1', 'violet']"
319,mail.insect.com,Mar,5,22:31:44,mail,auth,pam_unix(dovecot:auth): authentication failure; logname= uid=0 euid=0 tty=dovecot ruser=violet rhost=127.0.0.1  user=violet,e4c34c7d,pam_unix(dovecot:<*>): authentication failure; logname= uid=<*> euid=<*> tty=<*> ruser=<*> rhost=<*>.<*>.<*>.<*> user=<*>,"['auth', '0', '0', 'dovecot', 'violet', '127', '0.0.1', 'violet']"
320,mail.insect.com,Mar,5,22:39:01,mail,CRON[18188],pam_unix(cron:session): session opened for user root by (uid=0),e962e6c3,pam_unix(cron:<*>): session opened for user <*> by (uid=<*>),"['session', 'root', '0']"
321,mail.insect.com,Mar,5,22:39:01,mail,CRON[18188],pam_unix(cron:session): session closed for user root,c61b52d9,pam_unix(cron:<*>): session closed for user <*>,"['session', 'root']"
322,mail.insect.com,Mar,5,23:09:01,mail,CRON[18827],pam_unix(cron:session): session opened for user root by (uid=0),e962e6c3,pam_unix(cron:<*>): session opened for user <*> by (uid=<*>),"['session', 'root', '0']"
323,mail.insect.com,Mar,5,23:09:01,mail,CRON[18827],pam_unix(cron:session): session closed for user root,c61b52d9,pam_unix(cron:<*>): session closed for user <*>,"['session', 'root']"
324,mail.insect.com,Mar,5,23:17:01,mail,CRON[19028],pam_unix(cron:session): session opened for user root by (uid=0),e962e6c3,pam_unix(cron:<*>): session opened for user <*> by (uid=<*>),"['session', 'root', '0']"
325,mail.insect.com,Mar,5,23:17:01,mail,CRON[19028],pam_unix(cron:session): session closed for user root,c61b52d9,pam_unix(cron:<*>): session closed for user <*>,"['session', 'root']"
326,mail.insect.com,Mar,5,23:39:01,mail,CRON[19277],pam_unix(cron:session): session opened for user root by (uid=0),e962e6c3,pam_unix(cron:<*>): session opened for user <*> by (uid=<*>),"['session', 'root', '0']"
327,mail.insect.com,Mar,5,23:39:01,mail,CRON[19277],pam_unix(cron:session): session closed for user root,c61b52d9,pam_unix(cron:<*>): session closed for user <*>,"['session', 'root']"
328,mail.insect.com,Mar,6,00:09:01,mail,CRON[19776],pam_unix(cron:session): session opened for user root by (uid=0),e962e6c3,pam_unix(cron:<*>): session opened for user <*> by (uid=<*>),"['session', 'root', '0']"
329,mail.insect.com,Mar,6,00:09:01,mail,CRON[19776],pam_unix(cron:session): session closed for user root,c61b52d9,pam_unix(cron:<*>): session closed for user <*>,"['session', 'root']"
330,mail.insect.com,Mar,6,00:17:01,mail,CRON[19934],pam_unix(cron:session): session opened for user root by (uid=0),e962e6c3,pam_unix(cron:<*>): session opened for user <*> by (uid=<*>),"['session', 'root', '0']"
331,mail.insect.com,Mar,6,00:17:01,mail,CRON[19934],pam_unix(cron:session): session closed for user root,c61b52d9,pam_unix(cron:<*>): session closed for user <*>,"['session', 'root']"
332,mail.insect.com,Mar,6,00:39:01,mail,CRON[20165],pam_unix(cron:session): session opened for user root by (uid=0),e962e6c3,pam_unix(cron:<*>): session opened for user <*> by (uid=<*>),"['session', 'root', '0']"
333,mail.insect.com,Mar,6,00:39:01,mail,CRON[20165],pam_unix(cron:session): session closed for user root,c61b52d9,pam_unix(cron:<*>): session closed for user <*>,"['session', 'root']"
334,mail.insect.com,Mar,6,01:09:02,mail,CRON[20794],pam_unix(cron:session): session opened for user root by (uid=0),e962e6c3,pam_unix(cron:<*>): session opened for user <*> by (uid=<*>),"['session', 'root', '0']"
335,mail.insect.com,Mar,6,01:09:02,mail,CRON[20794],pam_unix(cron:session): session closed for user root,c61b52d9,pam_unix(cron:<*>): session closed for user <*>,"['session', 'root']"
336,mail.insect.com,Mar,6,01:17:02,mail,CRON[20977],pam_unix(cron:session): session opened for user root by (uid=0),e962e6c3,pam_unix(cron:<*>): session opened for user <*> by (uid=<*>),"['session', 'root', '0']"
337,mail.insect.com,Mar,6,01:17:02,mail,CRON[20977],pam_unix(cron:session): session closed for user root,c61b52d9,pam_unix(cron:<*>): session closed for user <*>,"['session', 'root']"
338,mail.insect.com,Mar,6,01:39:01,mail,CRON[21209],pam_unix(cron:session): session opened for user root by (uid=0),e962e6c3,pam_unix(cron:<*>): session opened for user <*> by (uid=<*>),"['session', 'root', '0']"
339,mail.insect.com,Mar,6,01:39:01,mail,CRON[21209],pam_unix(cron:session): session closed for user root,c61b52d9,pam_unix(cron:<*>): session closed for user <*>,"['session', 'root']"
340,mail.insect.com,Mar,6,02:09:01,mail,CRON[21431],pam_unix(cron:session): session opened for user root by (uid=0),e962e6c3,pam_unix(cron:<*>): session opened for user <*> by (uid=<*>),"['session', 'root', '0']"
341,mail.insect.com,Mar,6,02:09:01,mail,CRON[21431],pam_unix(cron:session): session closed for user root,c61b52d9,pam_unix(cron:<*>): session closed for user <*>,"['session', 'root']"
342,mail.insect.com,Mar,6,02:17:01,mail,CRON[21508],pam_unix(cron:session): session opened for user root by (uid=0),e962e6c3,pam_unix(cron:<*>): session opened for user <*> by (uid=<*>),"['session', 'root', '0']"
343,mail.insect.com,Mar,6,02:17:01,mail,CRON[21508],pam_unix(cron:session): session closed for user root,c61b52d9,pam_unix(cron:<*>): session closed for user <*>,"['session', 'root']"
344,mail.insect.com,Mar,6,02:39:01,mail,CRON[21556],pam_unix(cron:session): session opened for user root by (uid=0),e962e6c3,pam_unix(cron:<*>): session opened for user <*> by (uid=<*>),"['session', 'root', '0']"
345,mail.insect.com,Mar,6,02:39:01,mail,CRON[21556],pam_unix(cron:session): session closed for user root,c61b52d9,pam_unix(cron:<*>): session closed for user <*>,"['session', 'root']"
346,mail.insect.com,Mar,6,03:09:01,mail,CRON[21669],pam_unix(cron:session): session opened for user root by (uid=0),e962e6c3,pam_unix(cron:<*>): session opened for user <*> by (uid=<*>),"['session', 'root', '0']"
347,mail.insect.com,Mar,6,03:09:01,mail,CRON[21669],pam_unix(cron:session): session closed for user root,c61b52d9,pam_unix(cron:<*>): session closed for user <*>,"['session', 'root']"
348,mail.insect.com,Mar,6,03:17:01,mail,CRON[21754],pam_unix(cron:session): session opened for user root by (uid=0),e962e6c3,pam_unix(cron:<*>): session opened for user <*> by (uid=<*>),"['session', 'root', '0']"
349,mail.insect.com,Mar,6,03:17:01,mail,CRON[21754],pam_unix(cron:session): session closed for user root,c61b52d9,pam_unix(cron:<*>): session closed for user <*>,"['session', 'root']"
350,mail.insect.com,Mar,6,03:39:01,mail,CRON[21790],pam_unix(cron:session): session opened for user root by (uid=0),e962e6c3,pam_unix(cron:<*>): session opened for user <*> by (uid=<*>),"['session', 'root', '0']"
351,mail.insect.com,Mar,6,03:39:01,mail,CRON[21790],pam_unix(cron:session): session closed for user root,c61b52d9,pam_unix(cron:<*>): session closed for user <*>,"['session', 'root']"
352,mail.insect.com,Mar,6,04:09:01,mail,CRON[21904],pam_unix(cron:session): session opened for user root by (uid=0),e962e6c3,pam_unix(cron:<*>): session opened for user <*> by (uid=<*>),"['session', 'root', '0']"
353,mail.insect.com,Mar,6,04:09:01,mail,CRON[21904],pam_unix(cron:session): session closed for user root,c61b52d9,pam_unix(cron:<*>): session closed for user <*>,"['session', 'root']"
354,mail.insect.com,Mar,6,04:17:01,mail,CRON[21988],pam_unix(cron:session): session opened for user root by (uid=0),e962e6c3,pam_unix(cron:<*>): session opened for user <*> by (uid=<*>),"['session', 'root', '0']"
355,mail.insect.com,Mar,6,04:17:01,mail,CRON[21988],pam_unix(cron:session): session closed for user root,c61b52d9,pam_unix(cron:<*>): session closed for user <*>,"['session', 'root']"
356,mail.insect.com,Mar,6,04:39:01,mail,CRON[22040],pam_unix(cron:session): session opened for user root by (uid=0),e962e6c3,pam_unix(cron:<*>): session opened for user <*> by (uid=<*>),"['session', 'root', '0']"
357,mail.insect.com,Mar,6,04:39:01,mail,CRON[22040],pam_unix(cron:session): session closed for user root,c61b52d9,pam_unix(cron:<*>): session closed for user <*>,"['session', 'root']"
